问题id,问题,FA
1,湖南长远锂科股份有限公司变更设立时作为发起人的法人有哪些？,湖南长远锂科股份有限公司变更设立时的发起人有五矿股份、长沙矿冶院、宁波创元、深圳安晏、尚颀颀旻、安鹏智慧、国调基金、建信投资、信石信远、华能融科、中信投资、三峡金石、伊敦基金、中启洞鉴14家法人。
6,云南沃森生物技术股份有限公司负责产品研发的是什么部门？,根据给定材料，云南沃森生物技术股份有限公司负责产品研发的是疫苗研发中心。
10,本次发行前，大连派思燃气系统股份有限公司的控股股东持有公司的多少股份？占公司总股份的多少？,本次发行前，大连派思燃气系统股份有限公司的控股股东持有公司的65.89%股份，占公司总股份的65.89%。
11,请问2019年三季度有多少家基金是净申购?它们的净申购份额加起来是多少?请四舍五入保留小数点两位。,无法回答
13,近三年，广东银禧科技股份有限公司总资产周转率分别为多少？,近三年，广东银禧科技股份有限公司总资产周转率分别为1.84次、1.50次和1.56次。
15,云南沃森生物技术股份有限公司生产的A、C脑膜炎球菌多糖结合疫苗产品具有哪些较强的竞争优势？,云南沃森生物技术股份有限公司生产的A、C脑膜炎球菌多糖结合疫苗产品具有较强的竞争优势，包括专利技术基础、产品便利性、安全性、适用性及有效性指标方面的竞争优势，以及冻干剂型能够保证疫苗的质量。此外，该产品的生产工艺和质量标准高于欧洲药典标准，同时具备较强的市场潜力。
16,根据联化科技股份有限公司招股意见书，精细化工产品的通常利润率是多少？,根据给定材料，无法找到关于精细化工产品通常利润率的具体信息。
17,各报告期末，江苏旷达汽车织物集团股份有限公司存货分别为多少万元？占流动资产的比例分别多少？,"各报告期末，江苏旷达汽车织物集团股份有限公司存货分别为4,924.58万元、6,647.27万元、8,576.59万元和9,832.60万元。占流动资产的比例分别为14.15%、20.32%、17.02%和21.14%。"
20,在20201022，按照中信行业分类的行业划分标准，哪个一级行业的A股公司数量最多？,无法回答
21,华瑞电器股份有限公司获得多少项国内专利？其中有多上项发明专利？,根据材料，华瑞电器股份有限公司获得了58项国内专利，其中13项是发明专利。
24,深圳信立泰药业股份有限公司注射用头孢西丁钠（信希汀、1.0克装）在2006年、2007年、2008年、2009年1-6月的最高零售价格分别为多少？,根据材料，深圳信立泰药业股份有限公司注射用头孢西丁钠（信希汀、1.0克装）在2006年、2007年、2008年、2009年1-6月的最高零售价格分别为42.20元/支、42.20元/支、42.20元/支和42.20元/支。
27,中国铁路通信信号股份有限公司的主要经营模式是怎样的？,"中国铁路通信信号股份有限公司的核心主业围绕轨道交通控制系统行业，主要包括系统集成、设备制造及系统交付、工程总承包业务。此外，公司还提供其他业务如信号系统检测维修、培训及技术支持等服务。

公司整体销售模式按照主要客户中国铁路总公司、各客专公司及各城市轨道交通公司的公开招标模式进行投标，采用市场化公开投标方式。公司制定了《中国铁路通信信号股份有限公司招投标管理办法》，对投标流程进行规范。公司大部分产品通过参与招投标获取订单，招投标方式包括独立投标和联合投标两种形式。公司设有专门的市场营销部门，负责收集、分析市场信息，编制年度营销策略、统筹协调公司整体市场开发工作等。

在生产及服务模式方面，公司采用了一套相对稳定和成熟的模式，主要服务于轨道交通行业。公司遵循ISO9001质量管理体系，对产品和服务的质量进行全过程控制。此外，公司还提供长期的技术支持和售后服务，以确保产品的正常运行和客户的满意度。"
33,报告期内，武汉兴图新科电子股份有限公司来自军用领域的收入占主营业务收入的比重分别是多少？,根据给定材料，武汉兴图新科电子股份有限公司来自军用领域的收入占主营业务收入的比重分别是：82.10%、97.31%、94.84%和94.34%。
34,根据武汉兴图新科电子股份有限公司招股意向书，电子信息行业的上游涉及哪些企业？,材料提到，“电子信息行业的上游涉及信息系统相关的电子元器件制造企业，以及机箱、机柜等金属壳体制造企业，竞争充分，采购便利。”因此，电子信息行业的上游涉及信息系统相关的电子元器件制造企业和机箱、机柜等金属壳体制造企业。
37,广州中海达卫星导航技术股份有限公司本次募集资金主要投资哪些项目？,广州中海达卫星导航技术股份有限公司本次募集资金主要投资于高精度 GNSS 产品技改及产销扩能、海洋水声探测设备技改及扩能、卫星定位技术研发中心建设、GNSS 天线与 UHF 数据链自主配套和其他与主营业务相关的营运资金项目五个项目。
39,在2008年，东莞勤上光电股份有限公司在景观亮化半导体照明领域的市场占有率为多少？,2008年，东莞勤上光电股份有限公司在景观亮化半导体照明领域的市场占有率为3.88%。
40,湖南南岭民用爆破器材股份有限公司的控股股东是谁？,湖南南岭民用爆破器材股份有限公司的控股股东是湖南省南岭化工厂。
41,在研发方面，上海真兰仪表科技股份有限公司利用哪三地的人才优势，成立研发中心，组建了“三位一体”的研发体系？,上海真兰仪表科技股份有限公司利用上海、北京、西安三地的人才优势，成立研发中心，组建了“三位一体”的研发体系。
44,常熟风范电力设备股份有限公司的机器设备成新率是多少？,常熟风范电力设备股份有限公司的机器设备成新率是45.94%。
45,2009年、2010年及2011年，海南双成药业股份有限公司销售费用分别为多少？,"2009年、2010年及2011年，海南双成药业股份有限公司销售费用分别为924.34万元、947.44万元和 1,690.54万元。"
46,内蒙古君正能源化工股份有限公司的法定代表人是谁？,内蒙古君正能源化工股份有限公司的法定代表人是杜江涛。
47,联化科技股份有限公司的主营业务包括哪两部分？,联化科技股份有限公司的主营业务包括工业业务和贸易业务两部分。
49,读者出版传媒股份有限公司的主要纸张供应商有哪些？,给定材料中没有直接提到“读者出版传媒股份有限公司”的主要纸张供应商有哪些。
50,2014年大连派思燃气系统股份有限公司经营业绩下降的主要原因是什么？,2014年大连派思燃气系统股份有限公司的经营业绩下降的主要原因包括两个方面：一是受增压站（配压缩机）业务销售收入下降明显的影响，尽管公司各类产品销售数量有所增加，但总体销售收入仍然下降;二是由于市场竞争加剧，部分产品价格下降，导致综合毛利率降低。
52,在20190211，按照中信行业分类的行业划分标准，哪个一级行业的A股公司数量最多？,无法回答
59,森赫电梯股份有限公司的主营业务是什么？,检索不全，无法回答。
60,多晶硅成本约占宁波立立电子股份有限公司2007年度产品原材料成本的多大比例？,根据给定材料，没有直接提供多晶硅成本约占宁波立立电子股份有限公司2007年度产品原材料成本的百分比。
67,森赫电梯股份有限公司是否有技术创新方面的认定称号？是什么？,森赫电梯股份有限公司自 2011 年起被认定为“国家高新技术企业”。
69,珠海健帆生物科技股份有限公司的哪些产品被认定为广东省高新技术产品？,"根据给定材料，《珠海健帆生物科技股份有限公司》的产品中有以下几种被认定为广东省高新技术产品：
1. 一次性使用血液灌流器
2. 一次性使用血浆胆红素吸附器
3. DNA免疫吸附柱
4. 血液灌流机"
72,深圳信立泰药业股份有限公司专门的研发机构信立泰技术中心工作人员中，多大比例的人员为本科以上学历？,经查找，提取到如下信息：“目前，公司专门的研发机构信立泰技术中心工作人员中 70.45% 为本科以上学历，其中博士4人、硕士32人，拥有高级工程师职称的有12人”，因此可得答案：70.45%。
73,新疆浩源天然气股份有限公司2012年1-6月的营业毛利为多少，综合毛利率为多少？,根据给定材料，无法直接找到2012年1-6月的新疆浩源天然气股份有限公司的营业毛利和综合毛利率。
78,中国铁路通信信号股份有限公司提供轨道交通控制系统全产业链上的产品及服务，主要业务包括哪些？,公司提供轨道交通控制系统全产业链上的产品及服务，主要业务包括：1）设计集成，主要包括提供轨道交通控制系统相关产品的系统集成服务及为轨道交通工程为主的项目建设提供设计和咨询服务；2）设备制造，主要包括生产和销售信号系统、通信信息系统产品及其他相关产品；3）系统交付，主要包括轨道交通控制系统项目施工、设备安装及维护服务。
81,报告期内确成硅化学股份有限公司_出口退税率为多少？,根据给定材料，无法找到关于“报告期内确成硅化学股份有限公司出口退税率为多少？”的具体信息。
82,2021年年度报告里，凯石基金管理有限公司管理的基金中，机构投资者持有份额比个人投资者多的基金有多少只?,根据给定材料，无法找到关于凯石基金管理有限公司管理的基金中机构投资者持有份额比个人投资者多的基金的信息。
84,除浙江双飞无油轴承股份有限公司外，具有规模的自润滑轴承生产企业还有哪些？,具有规模的自润滑轴承生产企业还有浙江长盛滑动轴承股份有限公司、浙江中达精密部件股份有限公司等。
85,深圳信立泰药业股份有限公司主营业务是什么？,深圳信立泰药业股份有限公司的主营业务包括心血管类、头孢类抗生素、骨吸收抑制剂类等药物的研发、生产和销售。
88,湖南南岭民用爆破器材股份有限公司的传统市场是哪里？,湖南南岭民用爆破器材股份有限公司的传统市场是湖南省市场，这是公司在该地区的传统市场，也是目前公司产品销售价格最高的市场。同时，为了进一步扩大公司生产规模、拓展市场覆盖范围，公司也在加大省外市场的拓展力度。
91,广州中海达卫星导航技术股份有限公司收购的对象中海达测绘的全称是什么？截至该次股权收购前，其注册资本为多少？,广州中海达卫星导航技术股份有限公司收购的对象中海达测绘的全称是“广州市中海达测绘仪器有限公司”，公司成立于1999年12月28日。截至该次股权收购前，其注册资本为800万元。
93,根据华瑞电器股份有限公司招股意见书，截至2016年12月31日，宁波胜克总资产为多少万元？,"截至2016年12月31日，宁波胜克总资产为55,746.37万元。"
95,武汉兴图新科电子股份有限公司参与制定了哪个技术标准？,"根据给定材料，武汉兴图新科电子股份有限公司参与制定了""军用视频监控系统技术接口标准""。"
96,西安启源机电装备股份有限公司的核心产品铁芯剪切设备的收入比重从2007年度和2009年度分别为多少？,2007年度为43.42%，2009年度为59.80%。
105,昇兴集团股份有限公司本次发行的拟上市证券交易所是？,昇兴集团股份有限公司本次发行的拟上市证券交易所是深圳证券交易所。
106,2015年度和2016年度，深圳市超频三科技股份有限公司净利润分别同比增长多少？,2015年度和2016年度，深圳市超频三科技股份有限公司净利润分别同比增长4.15%和10.83%。
112,上海真兰仪表科技股份有限公司实际持有的罗德精密的初始工商登记发起人有哪些？,上海真兰仪表科技股份有限公司实际持有的罗德精密的初始工商登记发起人为唐建荣、汪顺来和叶小容。
113,华瑞电器股份有限公司，宁波胜克2016年度实现净利润为多少万元？,完全基于您提供的信息，我们无法准确回答您的问题。
121,在2010年，东莞勤上光电股份有限公司在户外半导体照明领域的市场占有率为多少？,2010年，东莞勤上光电股份有限公司在户外半导体照明领域的市场占有率是15.31%。
125,报告期内，汉嘉设计集团股份有限公司期末应收账款相对较高的原因是什么？,"根据给定材料，汉嘉设计集团股份有限公司期末应收账款相对较高的原因是因为： 
1. 房地产行业存在波动，导致项目周期延长；
2. 客户付款审批流程较长，且受上级政府或主管部门拨款情况等相关因素影响；
3. 公司提供设计服务的项目建设周期较长，容易受规划调整、市场调控等因素影响，导致建设周期延长。"
126,上海真兰仪表科技股份有限公司2020年增资后的投后估值是多少？,2020年增资后的投后估值为13.99亿元。
129,截至2020年12月31日，湖南长远锂科股份有限公司的控股股东是谁？通过何种方式持有公司多少股权？,截至2020年12月31日，湖南长远锂科股份有限公司的控股股东是五矿股份，通过直接或间接方式持有公司超过50%股权。
131,深圳市铁汉生态环境股份有限公司的主营业务是什么？,深圳市铁汉生态环境股份有限公司的主营业务是生态环境建设工程施工，包括生态修复及园林绿化两个领域。
132,深圳市超频三科技股份有限公司生产产品所需的主要直接材料有哪些？,给定材料中没有明确提到深圳市超频三科技股份有限公司生产产品所需的主要直接材料是什么。
133,报告期内，确成硅化学股份有限公司对外销售的部分硫酸产品是什么规格？,根据给定材料，无法确定确成硅化学股份有限公司对外销售的部分硫酸产品是什么规格。
134,森赫电梯股份有限公司与哪些高等教育机构开展合作？,"森赫电梯股份有限公司与哪些高等教育机构开展合作？
根据给定材料，无法找到与高等教育机构合作的具体信息。"
135,西安启源机电装备股份有限公司董事是谁？,西安启源机电装备股份有限公司的董事包括赵友安、许继集团有限公司、西安保德信投资发展有限责任公司、西安中电变压整流器厂等四家法人以及王哲、赵刚两位自然。
140,南京中电联环保股份有限公司的经营范围是？,南京中电联环保股份有限公司的经营范围包括环保、电力、化工、水处理设备的研发、设计、制造、系统集成及销售；自动控制、计算机软件、仪器仪表研发、设计、系统集成及销售；工程总承包、施工、安装、调试、技术服务及设备运营；高科技产业投资。
144,青海互助青稞酒股份有限公司的主营业务是什么？,青海互助青稞酒股份有限公司的主营业务是青稞酒的研发、生产、销售，主要产品含互助、天佑德、八大作坊、永庆和等系列。
146,湖南国科微电子股份有限公司业务分为哪些产品线？,"湖南国科微电子股份有限公司业务分为以下产品线：
1. 集成电路设计
2. 智能安全芯片
3. 视频监控芯片
4. 存储器芯片"
148,珠海健帆生物科技股份有限公司的核心技术产品有哪些？,珠海健帆生物科技股份有限公司是一家致力于研发、生产及销售血液净化相关产品的高科技企业，主要核心技术产品包括一次性使用血液透析浓缩液、一次性使用血液灌流器、血液灌流机等。此外，该公司还提供血液透析机、血浆置换设备等产品的代理销售服务。
149,湖南长远锂科股份有限公司所属细分子行业是什么？,湖南长远锂科股份有限公司所属细分子行业为锂电池行业。
155,浙江开尔新材料股份有限公司主要消耗的能源是什么？,浙江开尔新材料股份有限公司主要消耗的能源是电力，由金华市用电管理所供应，电力供应充足稳定。
157,云南沃森生物技术股份有限公司的第一个产品是什么？何时上市？,云南沃森生物技术股份有限公司的第一个产品是 Hib 和冻干 A、C 群脑膜炎球菌多糖结合疫苗 2 个产品，其中 Hib 已于 2009 年 2 月获得注册批件批准生产，分别为国药准字 S20090006 和国药准字 S20090007，并于 2009 年 6 月通过 GMP 认证（证书编号 K4924）正式投产。
160,湖南南岭民用爆破器材股份有限公司技术中心现有多少研发人员？其中具有高级职称和中级职称的人员分别有多少人？,湖南南岭民用爆破器材股份有限公司技术中心现有研发人员38人，其中具有高级职称人员6人，中级职称18人。
163,常熟风范电力设备股份有限公司的主营业务是什么？是否在报告期内发生重大变化？,常熟风范电力设备股份有限公司的主营业务是输变电铁塔等的生产与销售。在2009年至2010年间，该公司的主营业务没有发生重大变化。
164,联化科技股份有限公司目前的主要产品是什么？,联化科技股份有限公司目前的主要产品是农药中间体和染料中间体。
165,依据招股意向书，常熟风范电力设备股份有限公司本次发行股票数量是多少？,依据招股意向书，常熟风范电力设备股份有限公司本次发行股票数量为16470万股。
166,请查询在2019年度，002093股票涨停天数？解释：（收盘价/昨日收盘价-1）》=9.8%视作涨停,002093股票在2019年度共计涨停19次，计算方法为（收盘价/昨日收盘价-1）=9.8%，满足涨停条件。
169,根据大连派思燃气系统股份有限公司招股意向书，预计到2030年，天然气发电用气在天然气消费结构中的比例将上升到多少？,预计到2030年，天然气发电用气在天然气消费结构中的比例将上升到35%。
171,青海互助青稞酒股份有限公司主要困难是什么？,"根据给定材料，青海互助青稞酒股份有限公司面临以下主要困难：

  1. 行业政策风险：公司产品属于白酒行业，而根据国家发改委《产业结构调整指导目录（2011年本）》，白酒生产线被列入“限制类”。因此，如果国家对现行白酒产业政策进行重大调整，如通过税收、土地、广告宣传、价格等方面的调控手段对白酒生产与消费进行限制，将会对公司的生产经营产生不利影响。
  2. 竞争激烈风险：尽管公司是中国最大的青稞酒生产企业，但随着消费者口味的多样化和市场竞争的加剧，公司面临着来自其他类型酒的竞争压力。
  3. 地理环境和社会经济风险：公司所在的青海省地理位置偏僻，社会经济发展程度相对落后，这可能会影响公司的市场营销和物流配送等方面的工作。
  4. 自然灾害风险：青海省地处地震带上，存在发生自然灾害的可能性，如发生大地震等自然灾害，可能会对公司的生产经营造成一定的影响。

综合来看，青海互助青稞酒股份有限公司面临着多种困难，需要采取相应的措施来应对这些挑战。"
172,广州中海达卫星导航技术股份有限公司的子公司中海达测绘的主营业务是什么？,中海达测绘的主营业务是高精度卫星导航定位系统（GNSS）软硬件产品的研发、生产、销售，提供基于高精度GNSS 技术的系统工程解决方案及相关服务。
174,兰州海默科技股份有限公司的主营业务有何季节性特征？,兰州海默科技股份有限公司的主营业务呈明显的季节性特征，即上半年形成的主营业务收入和净利润明显低于下半年的金额，占全年营业收入和净利润的比重较小。其主要原因有两点：一是公司的主要客户为国内外知名的大型石油公司，这些客户普遍实行预算管理制度，每年的第一季度是石油公司审批预算和制订采购计划的时间，招标、采购活动较少，因此形成本公司销售的淡季；二是本公司多相流量计产品实行根据客户需求“量身定制”和“以销定产”的经营模式，除部分常规材料、低压力等级的产品外，其他产品生产周期均较长，尤其是使用特殊材料（如高等级合金钢）以及高压力等级产品的生产周期更长。一般一季度和二季度是公司获得订单和进行生产准备的时间，产品交货期及确认收入集中在下半年特别是第四季度，因此也使得公司上半年的收入比重小。
175,汉嘉设计集团股份有限公司法定代表人是谁？,汉嘉设计集团股份有限公司法定代表人为岑政平。
179,湖南国科微电子股份有限公司的主营业务是什么？,湖南国科微电子股份有限公司的主营业务包括广播电视系列芯片和智能监控系列芯片的研发、销售和技术服务。其产品具有较高的性价比，形成了较为明显的领先优势。目前，公司已成为国内广播电视系列芯片和智能监控系列芯片的主流供应商之一。
182,江苏爱康太阳能科技股份有限公司拥有的参股子公司是哪些？,"经营范围: 生产、销售：太阳能电池及组件、太阳能光伏发电系统、太阳能发电专用设备、分布式交流电源、汇流箱、并网柜、控制器、逆变器、光伏支架、光伏线缆、铝边框、钢边框、 EVA 胶膜、其他太阳能辅料、非金属制品模具、五金冲压件、机械零部件、电子产品;自营和代理各类商品和技术的进出口业务（国家限定公司经营或禁止进出口的商品和技术除外）

(二) 报告期内的主要财务数据和财务指标

单位:万元


合金）

；三、核心技术及特点

公司自成立以来就十分注重技术研发，具有较强的核心竞争力。

1、公司在行业中具有较高的技术水平

公司现拥有多项专利技术，并且多项专利技术正在申请过程中。其中，在组件方面，公司开发了针对屋顶分布式发电系统的全黑组件和彩色组件，满足了用户对美观的要求；在电池片方面，公司成功研发了 PERC 单晶高效电池，并具备批量生产能力；在组件封装技术方面，公司研发了半片组件、双玻组件、柔性组件等多种新型组件，并已实现批量生产。

2、公司在行业中具有较强的市场地位

作为国内最早进入光伏行业的企业之一，公司凭借多年的行业经验和优秀的营销团队，积极开拓国内外市场，产品远销海内外，市场占有率逐年提高。同时，公司凭借自身的技术优势，能够满足客户个性化的需求，为公司赢得了良好的口碑，并与多家优质客户建立了长期合作关系。

3、公司具备较强的供应链整合能力"
184,西安启源机电装备股份有限公司专用设备销售价格波动的主要原因是什么？,价格波动较大主要是因为市场竞争激烈，产品销售价格比较透明，可供客户选择的供应商较多。同时，公司产品所需原材料价格波动也对产品销售价格产生了一定的影响。此外，产品的具体型号、配置、性能、售后服务等因素也会对产品销售价格产生一定的影响。
185,从长期来看，影响烟台杰瑞石油服务集团股份有限公司所处行业景气程度的因素有哪些？,"从长期来看，影响烟台杰瑞石油服务集团股份有限公司所处行业景气程度的因素有：
1. 全球的GDP增长率；
2. 石油天然气的供需状况变化；
3. 全球石油勘探开发支出。"
186,北京天宜上佳高新材料股份有限公司外购件有哪些？,根据材料，北京天宜上佳高新材料股份有限公司外购件没有明确的信息说明。
189,浙江双飞无油轴承股份有限公司目前的主要产品应用在哪些下游领域？,浙江双飞无油轴承股份有限公司目前的主要产品应用在汽车制造、工程机械、模具制造及液压设备等机械制造领域。此外，自润滑轴承在房屋、桥梁等建筑物的减震、防震、防胀设施也拥有很大应用空间。
194,昇兴集团股份有限公司的主要产品是什么？其主要原材料是什么？,昇兴集团股份有限公司的主要产品是金属包装产品，主要包括易拉罐（包括两片罐、三片罐）、气雾罐（薄钢板制成的药用罐、杀虫剂罐、化妆品罐、工业和家居护理等）、食品罐（糖果罐、奶粉罐、烟酒食品罐等）、印铁制品（听、盒）和各类瓶盖（皇冠盖、旋开盖、铝防伪瓶盖、指压保险盖）。其主要原材料包括马口铁、铝材、易拉盖等。
197,新疆浩源天然气股份有限公司从事的业务具有较为明显的区域性特征，主要体现在什么方面？,新疆浩源天然气股份有限公司从事的业务具有较为明显的区域性特征，主要体现在以下两个方面：（1）行业周期性特征：天然气的使用与居民的生活紧密相关，属于居民的基本消费，随着经济发展和生活水平的提高，天然气的使用量保持平稳增长，没有明显的周期性特征。尤其是天然气作为一种清洁高效能源，得到各地政府的大力推广，气化区域以及气化率水平不断提高，将促进天然气使用量的不断增长。（2）行业区域性特征：天然气长输管网业务具有较为明显的区域性特征，主要体现如下：①区域经济的发展，有利于天然气产业市场的培育，可以促进市场开发；区域经济发展越好，天然气需求越大，天然气产业发展的基础越好；②区域内气源产地的距离，直接影响到天然气管道的长度以及建设规模，并最终影响管道的经济效益。
199,宁波立立电子股份有限公司本次发行多少股？,"宁波立立电子股份有限公司计划本次发行2,600万股。"
202,大连派思燃气系统股份有限公司在哪些年份获得了美国GE公司的奖项？,大连派思燃气系统股份有限公司在2008年和2010年两年间获得了美国GE公司的奖项，分别是最佳新供货商奖和最佳供货质量奖。
206,森赫电梯股份有限公司境外销售的获客方式有哪些？,检索不通，无法回答。
207,武汉兴图新科电子股份有限公司计划使用本次发行募集资金的多少用于补充流动资金？,"根据给定材料，武汉兴图新科电子股份有限公司计划使用本次发行募集资金的 15,000 万元用于补充流动资金。"
208,烟台杰瑞石油服务集团股份有限公司在成立以来业务范围如何扩展？,经过多年的市场开拓，烟台杰瑞石油服务集团股份有限公司的业务范围由油田矿山设备维修与零配件销售扩展至油田专用设备制造与油田技术服务。
209,截至本招股意向书签署日，浙江开尔新材料股份有限公司的全资子公司是哪些？,根据给定材料，浙江开尔新材料股份有限公司的全资子公司包括合肥翰林搪瓷有限公司。
215,针对欧盟的REACH法规，联化科技股份有限公司计划采取哪些应对措施？,"联化科技股份有限公司计划采取如下应对措施:
1. 与欧盟进口方协商，由欧盟进口方负责产品注册；
2. 公司与国内同类工厂联合注册，共同承担费用；
3. 指定一个欧盟的唯一代理注册。此外，公司也将及时跟踪相关信息，届时将根据成本和效益原则，确定需要预注册的产品。"
217,在燃煤电厂脱硫工程、空气预热器领域，除浙江开尔新材料股份有限公司外，还有哪些主要的竞争企业？,在燃煤电厂脱硫工程、空气预热器领域，除浙江开尔新材料股份有限公司外，还有佛山唯艺和葆利昌这两家企业。
220,根据招股意向书，预计昇兴集团股份有限公司2015年1-3月实现净利润的范围是？,"根据给定材料，预计昇兴集团股份有限公司2015年1-3月实现净利润的范围是2,770万元至3,180万元，同比增长35%至55%。"
222,2012年、2013年、2014年，昇兴集团股份有限公司应收账款周转率分别为多少？,2012年、2013年、2014年，昇兴集团股份有限公司应收账款周转率分别为7.57、9.40、8.52。
226,宁波立立电子股份有限公司实际控制人是谁？,企业家精神就在这些不起眼的地方。比如说，我们当时要做一个项目，要到很偏僻的地方去找资料。有一次，我跟我的同事去了一个地方，那个地方非常穷，穷得连自行车都没有。但我们还是坚持去了解情况，最后找到了一些很好的资料。这就是企业家精神，就是要不断地去寻找机会，不断地去尝试新的东西。
230,报告期内大博医疗科技股份有限公司涉诉产品销售收入占公司总营收的比例是多少？,根据给定材料，大博医疗科技股份有限公司涉诉产品销售收入占其总营收的比例分别为0.67%、0.36%、0.40%和0.20%，占比较低，不会对公司的经营业务造成重大影响。
231,深圳市超频三科技股份有限公司募集资金的散热器生产基地建设项目建设地在哪里？,深圳市超频三科技股份有限公司募集资金的散热器生产基地建设项目建设地在广东省惠州市东江高新科技产业园。
239,南京中电联环保股份有限公司科研带头人是？,根据给定材料，南京中电联环保股份有限公司的科研带头人为王政福。
240,湖南南岭民用爆破器材股份有限公司拥有的核心技术有哪些？,湖南南岭民用爆破器材股份有限公司拥有的核心技术主要包括在长期的生产中探索出的配方、工艺条件控制等非专利技术及与南京理工大学、长沙矿冶研究院等科研机构合作开发的设备及工艺技术。此外，还包括公司的专利技术。
243,森赫电梯股份有限公司产品生产材料是什么？,检索材料发现，森赫电梯股份有限公司产品生产材料包括井道部件、曳引机、层门装置、电缆等。
244,本次新疆浩源天然气股份有限公司募集资金投资项目有哪些？,新疆浩源天然气股份有限公司本次募集资金投资项目包括：阿克苏市天然气综合利用二期工程项目、阿克苏纺织工业城天然气利用工程项目和喀什地区巴楚县天然气利用工程项目。
246,在本招股意见书签署的未来两年，新疆浩源天然气股份有限公司在城市管网总长度方面将主要完成的经营目标是什么？,根据给定材料，无法找到关于“在未来两年，新疆浩源天然气股份有限公司在城市管网总长度方面将主要完成的经营目标是什么？”的具体信息。
249,内蒙古君正能源化工股份有限公司的注册时间是什么日期？注册资本是多少元？,"内蒙古君正能源化工股份有限公司的注册时间为2008年9月23日，注册资本为52,000万元。"
258,昇兴集团股份有限公司因租赁厂房存在经营风险的下属企业是什么？,根据给定材料，昇兴集团股份有限公司不存在租赁厂房存在经营风险的下属企业。
259,报告期内，华瑞电器股份有限公司人工成本占主营业务成本的比例分别为多少？,华瑞电器股份有限公司的人工成本占主营业务成本的比例分别为16.74%、19.01%和19.49%。
261,内蒙古君正能源化工股份有限公司的董事会成员是谁？,内蒙古君正能源化工股份有限公司的董事会成员包括杜江涛、李京文、武峰、王国强、云文明、撖小平、孙明。(完整内容)
262,报告期内，深圳市超频三科技股份有限公司制造费用占主营业务成本比例分别为多少？,根据给定材料，深圳市超频三科技股份有限公司制造费用占主营业务成本比例分别为14.91%、16.24%和16.18%。
265,西安启源机电装备股份有限公司控股子公司是谁？公司持有其多少的股份？,西安启源机电装备股份有限公司的控股子公司是中机工程(西安)启源工程有限公司，公司持有其50.98%的股份。
267,确成硅化学股份有限公司的子公司无锡东沃经营范围是？,无锡东沃经营范围是生产硫酸；生产中压蒸汽、电。
272,窦剑文先生持有兰州海默科技股份有限公司多少股权？,窦剑文先生持有兰州海默科技股份有限公司30.724%的股权。
277,截至2014年12月31日，读者出版传媒股份有限公司共有员工多少人？,读者出版传媒股份有限公司在2014年12月31日共有572名员工。
279,2020年10月6日，上海真兰仪表科技股份有限公司的注册资本由多少增加到多少？,"2020年10月6日，上海真兰仪表科技股份有限公司的注册资本由5,200万元增加到20,800万元。"
280,华瑞股份发生了几次股权转让？,"华瑞股份发生了2次股权转让。

 第一次是在2014年7月8日，基石投资分别与联创投资、孙瑞良签署《股权转让协议》，基石投资将其持有的华瑞股份7.69%的股权（股份577万股）作价2,336.33万元转让给联创投资，3.85%的股权（股份288.5万股）作价1,168.16万元转让给孙瑞良。上述转让价格均为 4.05 元/股，该价格主要参考公司每股净资产、投资者自身需求并适当溢价，由股东之间协商确定。2014 年 9 月 24 日，华瑞股份在宁波市市场监督管理局完成了工商变更登记手续。本次股权转让后，华瑞股份股权结构如下：
 第二次是在2014年12月22日，股东史灵虎与孙瑞良签署《股权转让协议》，史灵虎将其持有的华瑞股份 0.65%的股权（股份 48.75 万股）作价 127.00 万元转让给孙瑞良；2014年12月24日，股东彭忠分别与罗雪荣、徐华锵签署《股权转让协议》，彭忠分别将其持有的华瑞股份 0.13%的股权（股份 9.60 万股）作价 25.40 万元转让给罗雪荣，0.19%的股权（股份14.40万股）作价38.10万元转让给徐华锵；2014年12月25日，股东昌概运与孙瑞良签署《股权转让协议》，昌概运将其持有的华瑞股份0.39%的股权（股份29.25 万股）作价 76.20万元转让给孙瑞良，股东罗刚与李国法签署《股权转让协议》，罗刚将其持有的华瑞股份 0.32%的股权（股份 24.00 万股）作价 63.50"
285,湖南长远锂科股份有限公司在高效电池正极材料领域的技术水平如何？掌握了哪些技术？,湖南长远锂科股份有限公司在高效电池正极材料领域具备行业领先的技术水平。公司围绕高效电池正极材料，研发并掌握了三元前驱体共沉淀技术、高电压 NCM 制备技术、高电压钴酸锂制备技术等多项核心技术。截至 2020 年 12 月 31 日取得了 51 项专利。
286,浙江开尔新材料股份有限公司实际控制人承诺如何处理因未执行社会保险及住房公积金制度而产生的损失或义务？,实际控制人邢翰学、吴剑鸣、邢翰科于2010年9月17日承诺：如因发行人或子公司未执行社会保险及住房公积金制度而产生的损失或义务，将由其承担，保证发行人和子公司不因此遭受任何损失。
287,报告期内，山东海看网络科技有限公司的IPTV用户数量如何变化？截至报告期各期末IPTV业务用户数为多少？,"报告期内，山东海看网络科技有限公司的IPTV用户数量逐年增长。截至2020年末、2021年末和2022年末，IPTV业务用户数分别为1,482.12万户、1,546.07万户和1,649.73万户。"
290,2015年度和2016年度，深圳市超频三科技股份有限公司营业收入分别同比变动多少？,"2015年度和2016年度，深圳市超频三科技股份有限公司营业收入分别同比变动-4.72%、2.43%。
完整内容：根据给定材料，“2015年度和2016年度，深圳市超频三科技股份有限公司营业收入分别同比变动-4.72%、2.43%。”"
292,报告期内，山东海看网络科技有限公司主营业务是什么？,山东海看网络科技有限公司的主营业务是基于电信网、互联网、移动互联网等通道，通过电视机、电脑、手机等各类终端设备，向用户提供的iptv、otttv、互联网视频等 Multimedia Services 整体解决方案。
293,根据招股意向书，2015年国家下调天然气价格后，对大连派思燃气系统股份有限公司未来经营活动的影响是什么？,根据上文提到的，由于2013年和2014年国家两次上调天然气价格，导致大连派思燃气系统股份有限公司在手订单数量和合同总金额较上年同期有所下降。但是，2015年2月国家已经下调了天然气价格，因此预计我国燃气电厂的建设规模和数量将有所增加，会对公司未来经营活动产生积极影响。
294,青海互助青稞酒股份有限公司的实际控制人是谁？共有几人？,青海互助青稞酒股份有限公司的实际控制人是李银会，共有两人。
302,广州中海达卫星导航技术股份有限公司的国内营销网络有多少个办事处和几家分公司？多少营销服务人员？,根据给定材料，“广州中海达卫星导航技术股份有限公司的国内营销网络有7个办事处和2家分公司，共有240多名营销服务人员。”
303,根据东莞勤上光电股份有限公司招股意向书，全球率先整体用LED路灯替换传统路灯的案例是？,2008年东莞勤上光电股份有限公司实施的东莞石排全镇LED路灯改造工程是全球率先整体用LED路灯替换传统路灯的案例，该工程已经通过了广东省科技厅组织的现场验收。
304,中国铁路通信信号股份有限公司本次发行前总股本为多少？本次发行后本公司总股本为多少？,"预计发行日期：2019年7月10日，因此，中国铁路通信信号股份有限公司本次发行前总股本为708,981.90万股，按照本次发行上限180,000.00万股计算，本次发行后本公司总股本为888,981.90万股。"
305,什么公司、在何时与浙江双飞无油轴承股份有限公司发生了产品争议事项？产品争议事项是否已经解决？,材料中没有明确说明哪个公司和浙江双飞无油轴承股份有限公司发生了产品争议事项，因此无法回答这个问题。
306,深圳信立泰药业股份有限公司本次募集资金项目拟投资总额为多少？,"深圳信立泰药业股份有限公司本次募集资金项目拟投资总额为52,075.70万元。"
312,森赫电梯股份有限公司获得多少项国内专利？其中有多上项发明专利？,根据题目中提到的公司简介，森赫电梯股份有限公司获得了171项国内专利，其中包含了17项发明专利。
314,江苏爱康太阳能科技股份有限公司注册资本是多少？,"江苏爱康太阳能科技股份有限公司的注册资本是15,000万元。"
316,常熟风范电力设备股份有限公司在报告期内的资产总额及逐年变化趋势如何？,常熟风范电力设备股份有限公司在报告期内的资产总额呈现逐年上升的趋势。
318,新疆浩源天然气股份有限公司的主要业务是什么？,新疆浩源天然气股份有限公司的主要业务是天然气输送及销售，主要包括车用天然气销售业务、民用天然气销售业务、入户安装业务。
320,大连派思燃气系统股份有限公司在何时获得美国GE公司的合格供应商认证？,大连派思燃气系统股份有限公司在2008年获得美国GE公司的合格供应商认证。
322,青海互助青稞酒股份有限公司报告期内面临的最重要风险因素是什么？,青海互助青稞酒股份有限公司报告期内面临的最重要风险因素是产业政策风险，这主要是因为公司所在的白酒行业受到国家产业政策的监管，包括税收、土地、广告宣传、价格等方面的调控手段都可能对白酒生产与消费产生限制。此外，相对依赖单一市场、品牌风险、假冒伪劣及侵权产品的风险等因素也可能对企业的经营产生影响。
324,截至2016年6月30日，华达汽车科技股份有限公司及子公司共有技术研发人员多少人？技术研发人占员工总人数的多大比例？,根据您提供的材料，截至2016年6月30日，华达汽车科技股份有限公司及子公司共有技术研发人员118人，占员工总人数6.54%。
328,2007年度、2008年度、2009年度，杭州中恒电气股份有限公司的加权平均净资产收益率分别是多少？,2007年度、2008年度、2009年度，杭州中恒电气股份有限公司的加权平均净资产收益率分别为24.93%、24.13%、24.01%。
332,森赫电梯股份有限公司产品的材料成本占整梯生产成本的多大比例？,森赫电梯股份有限公司产品的材料成本占整梯生产成本的90%左右。
334,确成硅化学股份有限公司生产的沉淀法二氧化硅广泛应用于哪些行业？其中对哪个行业的依赖度大？,确成硅化学股份有限公司生产的沉淀法二氧化硅广泛应用于橡胶、轮胎、医药、农药、固体消防材料、农业、饲料、涂料、油墨、造纸等行业，其中对橡胶行业的依赖度较大。
336,截至2009年12月31日，杭州中恒电气股份有限公司具有大、中专以上学历员工占员工总数的比例是多少？,根据给定材料，无法直接找到答案。
342,深圳市铁汉生态环境股份有限公司所在的生态环境建设行业涉及的两个领域是什么？,深圳市铁汉生态环境股份有限公司所在的生态环境建设行业涉及生态修复及园林绿化两个领域。
343,山东海看网络科技有限公司的IPTV业务功能包括哪些？,海看网络科技（山东）股份有限公司的IPTV业务功能主要包括：传输音频、视频节目信息；储存、处理视频节目信息；提供用户端软件下载服务；提供节目检索服务；提供节目预约、回看服务；提供节目推荐服务；提供节目评论服务；提供节目排行榜服务；提供节目播放时插播广告服务；提供节目指南服务；提供计费、收费服务；提供与节目有关的信息查询服务；提供与收视历史记录有关的节目重播服务；
346,杭州中恒电气股份有限公司计划在项目建设期增加多少固定资产投资？,"根据给定材料，杭州中恒电气股份有限公司计划在项目建设期增加的固定资产投资合计为10,980万元，其中机器设备购置费总计5,194.70万元，厂房建筑物3,008万元。"
347,湖南长远锂科股份有限公司公司的生产成本包括哪些部分？,根据给定材料，湖南长远锂科股份有限公司的生产成本包括直接材料、直接人工、制造费用三部分。
348,深圳信立泰药业股份有限公司的英文名称是？,"深圳信立泰药业股份有限公司的英文名称是SHENZHEN SALUBRIS PHARMACEUTICALS CO., LTD.。"
350,华达汽车科技股份有限公司的主营业务是什么？,华达汽车科技股份有限公司的主营业务是乘用车车身冲压件、管类件及相关模具的开发、生产与销售，属于汽车零部件行业。
353,云南沃森生物技术股份有限公司创始人的研发资质如何？,云南沃森生物技术股份有限公司的创始人李云春先生是疫苗研发、生产与质量保证方面的高级专家，他与陈尔佳、刘红岩等人以及后续引进公司的黄镇、张翊、杨喆均为疫苗研发、生产与质量保证等方面的高级专家，国内知名疫苗专家郭仁研究员任本公司首席科学家。因此，云南沃森生物技术股份有限公司创始人的研发资质是非常高的。
354,读者出版传媒股份有限公司每年与各印刷厂签订的《读者》印刷协议中，2014年度的含税基本印刷单价是多少？,2014 年度的含税基本印刷单价为 1.39 元/册。
355,浙江双飞无油轴承股份有限公司的主要原材料是什么？,浙江双飞无油轴承股份有限公司的主营业务包括自润滑轴承、减摩组件、密封件、五金件等产品的研发、制造和销售，其中自润滑轴承是其核心产品。根据材料中的描述，“双飞有限出资 35.00万、吴来强出资 5.00万、山学琼、胡志刚、梁娜、刘丽娟、胡建新分别出资 2.00万设立了嘉善卓博进出口贸易有限公司”，因此我们可以得出结论，浙江双飞无油轴承股份有限公司的主要原材料是各种用于制造自润滑轴承的原材料。
357,浙江开尔新材料股份有限公司和合肥翰林是否按规定为员工缴纳了社会保险？,根据材料，浙江开尔新材料股份有限公司和合肥翰林的部分员工没有按时缴纳社会保险，但是公司在2010年开始为员工缴纳住房公积金，并且提供了住房补贴和员工宿舍，同时也在逐步扩大参缴、先管理层后普通员工的住房公积金缴纳方式。截至2010年12月31日，公司共有60名员工未在公司参与社会保险，但是大部分是因为个人原因或者已经在其他单位参保。此外，公司也对报告期内应缴未缴的社会保险和住房公积金进行了测算，并且作出了相应的补偿措施。因此，虽然公司曾经存在未按时缴纳社会保险的情况，但是目前已经采取了积极的纠正措施，并且提供了其他的福利待遇，确保员工的权益不受影响。
358,对湖南国科微电子股份有限公司持续盈利能力可能产生重大不利影响的因素主要包括哪些？,"对湖南国科微电子股份有限公司持续盈利能力可能产生重大不利影响的因素主要包括：保持持续创新能力的风险、投片失败的风险、税收优惠政策变化的风险等。公司已在本招股意向书""-第四节风险因素-""中进行了分析和披露。"
365,报告期内，南京中电联环保股份有限公司流动比率、速动比率呈什么趋势？公司资产流动性水平如何？所面临的流动性风险水平如何？,报告期内，南京中电联环保股份有限公司流动比率、速动比率呈上升趋势。公司资产流动性水平较好，所面临的流动性风险较低。
366,在2021年报中，平安安享灵活配置混合C基金第八大重仓股的代码和股票名称是什么？,根据上述材料，在2021年报中，平安安享灵活配置混合C基金第八大重仓股的代码和股票名称是什么无法回答。因为上述材料并未给出关于平安安享灵活配置混合C基金的具体信息，例如该基金的投资标的、持仓情况等等。
367,为什么广东银禧科技股份有限公司核心技术大部分为非专利技术？,因为公司申请的专利数量较少，只有24项（其中正在申请专利13项），相较于公司拥有的33项核心技术成果，专利数量占比不高，所以公司核心技术大部分为非专利技术。
370,深圳市超频三科技股份有限公司主要采购哪些原材料？,根据给定材料，深圳市超频三科技股份有限公司主要采购的原材料包括铝挤压材、铜质翅片、铜基材、铝基材、硅胶、塑料粒子、五金件等。
371,2019年1-6月，浙江双飞无油轴承股份有限公司向前五大供应商采购原材料金额占同期采购总额的比例是多少？,浙江双飞无油轴承股份有限公司向前五大供应商采购原材料金额占同期采购总额的比例是60.98%。
376,读者出版传媒股份有限公司期刊、图书出版业的产业链主要包括哪些环节？,期刊、图书出版业的产业链主要包括内容策划、书刊原材料供应、印刷出版、总发与批发、零售等五个主要环节。
378,青海互助青稞酒股份有限公司设置哪些部门？,青海互助青稞酒股份有限公司设置了包括证券投资部、内审部、营销中心、办公室、人力资源部、财务部、采购部、仓储部、研发部、生产管理部、质量管理部、设备动力部、西宁分公司在内的多个部门。
382,宁波立立电子股份有限公司募集资金的6－8英寸硅抛光片扩产项目建设工期预计为几年？,宁波立立电子股份有限公司募集资金的6-8英寸硅抛光片扩产项目建设工期预计为2年（2007年7月-2009 年7月）。
385,常熟风范电力设备股份有限公司主要客户的收款周期和发生坏帐的可能性如何？,根据给定材料，常熟风范电力设备股份有限公司的主要客户为国内信用良好的电网企业，因此收款周期较长但发生坏账的可能性较低。另外，相比同行业的齐星铁塔与梅泰诺，公司在报告期内应收账款期末净额占当年营业收入的比率也较低，且公司经营模式为先收款后发货，故应收账款质量较高，发生坏账的风险较小。因此，可以得出结论，常熟风范电力设备股份有限公司的主要客户的收款周期较长，但发生坏帐的可能性较低。
389,东莞勤上光电股份有限公司建立的LED照明产品系列包括哪些？,东莞勤上光电股份有限公司建立的LED照明产品系列包括LED景观照明、LED功能照明、LED显示屏和LED特种照明四个大的系列。其中，基于大功率白光LED照明技术的LED功能照明是公司主营业务的主要方面和发展方向，报告期末，其在公司主营业务收入的占比超过了一半。
399,报告期内，宁波立立电子股份有限公司硅抛光片产品2005年毛利率稍低的主要原因是什么？,宁波立立电子股份有限公司硅抛光片产品2005年毛利率稍低的主要原因是因为公司大量新购生产设备造成折旧增加，而新增产能和销售收入未能及时体现。
400,宁波立立电子股份有限公司企业所得税的法定税率是多少？,宁波立立电子股份有限公司企业所得税的法定税率为33%。
401,报告期内，湖南国科微电子股份有限公司的主营业务收入主要来源于什么产品？,报告期内，湖南国科微电子股份有限公司的主营业务收入主要来源于广播电视系列芯片和智能监控系列芯片。
404,2008年度、2009年度深圳市铁汉生态环境股份有限公司园林绿化工程收入的增长率分别为多少？,根据题目中的句子“2008年度、2009年度本公司园林绿化工程收入的增长率分别为118.56%、79.63%，是少数有能力同时涉足生态修复及园林绿化领域的公司，并且在两个领域都有较强的竞争优势，这种复合竞争优势将为公司未来快速发展提供可靠保障”，可以得出答案：2008年度、2009年度深圳市铁汉生态环境股份有限公司园林绿化工程收入的增长率分别为118.56%、79.63%。
406,请问在机械设备行业，20190508行业的A股公司有多少?,无法回答
416,烟台杰瑞石油服务集团股份有限公司所属行业在产品销售和服务的地点上体现出怎样的区域性特征？,烟台杰瑞石油服务集团股份有限公司的产品销售和服务在地区上呈现出一定的区域性特征。据材料显示，公司主要服务于全国各大油田，因此，其产品和服务的地点分布也主要集中在油田所在地区。同时，由于国内客户大部分是国有或国有控股企业，这些客户一般在每年末制定采购计划，因此，油田专用设备、维修配件的国内订单一般是在每年的3月份以后陆续签订，大部分的合同执行期在3-6个月之间，设备及配件交付给客户后才确认收入，收入确认多集中在下半年，从而呈现出一定的季节性波动特点。因此，可以说，公司在产品销售和服务的地点上体现了向全国主要油田集中的区域性特征。
418,江苏旷达汽车织物集团股份有限公司的营业收入主要包括哪些？,汽车及其他交通工具座椅面料以及其他内饰面料和车内饰面料用有色差别化涤纶丝的研发、生产和销售。
421,华达汽车科技股份有限公司的实际控制人是谁？截至本招股意向书签署日，公司实际控制人控制本公司多大比例的股份。,华达汽车科技股份有限公司的实际控制人是陈竞宏。截至本招股意向书签署日，公司实际控制人控制本公司74.79%的股份。
423,常熟风范电力设备股份有限公司在国际市场上的主要合作伙伴有哪些？,常熟风范电力设备股份有限公司在国际市场上的主要合作伙伴包括澳大利亚三大电力公司和四家主要输变电线路承包商，以及华为技术有限公司、特变电工股份有限公司、中国机械设备进出口总公司、中国东方电气集团工程公司等。此外，公司还与印度著名的通信公司Reliance Telecom Infrastructure Ltd. & GTL Infrastructure Limited.建立了业务合作关系。
424,读者出版传媒股份有限公司本次发行前各股东间的关联关系情况如何？,本次发行前，除甘肃电投为甘肃国投全资子公司，读者集团和甘肃国投出资人同为甘肃省国资委，甘肃国投由甘肃省国资委、酒钢集团共同持股，其中甘肃省国资委持有甘肃国投 83.54%，酒钢集团持有甘肃国投 16.46%股权。除此之外，各股东间不存在其他关联关系。
425,中国铁路通信信号股份有限公司本次上市选择的标准为预计市值不低于人民币多少？最近一年营业收入不低于人民币多少？,预计市值不低于人民币30亿元，且最近一年营业收入不低于人民币3亿元。
430,烟台杰瑞石油服务集团股份有限公司的战略规划是什么？,根据给定材料，无法直接提取出烟台杰瑞石油服务集团股份有限公司的战略规划。
436,根据森赫电梯股份有限公司招股意见书，目前国内电梯市场中，外资品牌和国内电梯品牌各占多少份额？,根据森赫电梯股份有限公司招股意见书，目前国内电梯市场中，外资品牌约占65%的市场份额，国内电梯品牌约占35%的市场份额。
437,根据《CRCC产品认证实施规则》，《铁路产品认证证书》有效期为多久？北京天宜上佳高新材料股份有限公司取得《铁路产品认证证书》后，至少多久需要接受一次监督？,根据材料，“CRCC产品认证证书”的有效期为5年，取得后每12个月至少接受一次监督。
438,2019年1-6月浙江双飞无油轴承股份有限公司经营业绩出现下滑的原因是什么？,"2019年1-6月浙江双飞无油轴承股份有限公司的经营业绩出现下滑的原因主要有以下几点：
1. 全球经济复苏尚未稳定，全球经济面临继续下滑或增长减缓的可能；
2. 受中美贸易争端的影响，2019年1-6月出口美国的销售收入同比减少32.71%，对当期公司经营业绩产生影响。"
447,深圳市超频三科技股份有限公司现有核心技术人员几名？是谁？,深圳市超频三科技股份有限公司现有核心技术人员3名，分别为杜建军、李娟、王伟。
449,湖南南岭民用爆破器材股份有限公司主要业务是什么？,湖南南岭民用爆破器材股份有限公司的主要业务是工业炸药、工业导火索的生产和销售。
451,华瑞股份第二次股权转让引入的外部投资者是？,富国银洋
453,在哪些国家和地区，兰州海默科技股份有限公司必须通过当地公司销售产品和服务？,在中东国家和地区，如阿联酋、阿曼、科威特等，按照当地法律，外国公司必须通过当地公司销售产品和服务。
458,截至本招股意向书出具之日，广东银禧科技股份有限公司有多少发明专利正在申请？,截至本招股意向书出具之日，广东银禧科技股份有限公司共有13项发明专利正在申请过程中。
459,内蒙古君正能源化工股份有限公司的主营产品是什么？,内蒙古君正能源化工股份有限公司的主营产品包括电力、电石、硅铁、PVC、烧碱等。
460,汉嘉设计集团股份有限公司主要无形资产有哪几类？,"根据材料，汉嘉设计集团股份有限公司主要无形资产有如下几类：
1. 软件著作权；
2. 商标权；
3. 专利权。"
464,自2020年3月20日起，确成硅化学股份有限公司_产品出口退税率为多少？,自2020年3月20日起，确成硅化学股份有限公司的产品出口退税率为13%。
466,湖南南岭民用爆破器材股份有限公司取得的有效期是什么？,根据给定材料，湖南南岭民用爆破器材股份有限公司取得了编号为(湘01)MB安许字[2005]的《安全生产许可证》，有效期为2005年4月27日至2008年4月27日。
467,海南双成药业股份有限公司使用的“甘美多兰”商标的所有权归哪家公司？商标的授权期限是多久？,海南双成药业股份有限公司使用的“甘美多兰”商标的所有权归海南正本源药业有限公司，商标的授权期限是2011年1月1日至2015年12月31日。
472,西安启源机电装备股份有限公司控股股东是谁？直接持有多少的股份？,"西安启源机电装备股份有限公司的控股股东是国际工程公司，直接持有1,550万股，占发行后总股本的25.41%。"
476,截至2010年9月30日，深圳市铁汉生态环境股份有限公司在册员工共多少人？,根据材料可知，截至2010年9月30日，深圳市铁汉生态环境股份有限公司在册员工共243人。
477,请查询：在2019的年度报告中，个人投资者持有基金份额大于机构投资者持有基金份额的基金属于混合型类型的有几个。,"根据上述材料，无法直接找到关于 ""在2019的年度报告中，个人投资者持有基金份额大于机构投资者持有基金份额的基金属于混合型类型的有几个。"" 的信息。"
482,根据招股意见书，截至评估基准日1996年1月31日止，孙瑞良对宁波华瑞出资的资产市场价值为多少？,"根据招股意见书，截至评估基准日1996年1月31日止，孙瑞良对宁波华瑞出资的资产市场价值为2,019,156元。其中房屋建筑物1,210,202元，设备808,954元。"
484,珠海健帆生物科技股份有限公司的首席科学家是谁？,根据给定材料，无法找到关于珠海健帆生物科技股份有限公司的首席科学家的信息。
486,大连派思燃气系统股份有限公司在2014年度的纳税信用等级是多少？,大连派思燃气系统股份有限公司在2014年度的纳税信用等级是A级。
489,西安启源机电装备股份有限公司主要产品有哪些？,"西安启源机电装备股份有限公司主要从事变压器专用设备的研发、生产和销售，主要包括以下几种产品：

  1. 变压器绕组智能制造装备：包括大型卧式绕线机、立式绕线机、行星式绕线机、悬臂式绕线机、双工位卧式绕线机等多种型号的绕线机，用于变压器线圈的制造。
  2. 变压器组件智能制造装备：包括铁芯剪切机、冲槽机、组装生产线等设备，用于变压器铁芯的生产加工。
  3. 特种用途智能装备：包括柔性焊接机器人、激光切割机、自动化装配线等设备，用于特定领域的需求。

此外，该公司还提供技术服务、备件销售和维修服务等业务。"
491,北京天宜上佳高新材料股份有限公司产品生产所需的主要原料是什么？,"北京天宜上佳高新材料股份有限公司产品生产所需的主要原料是什么？
根据给定材料，该公司产品生产所需的主要原料没有明确的描述。"
494,昇兴集团股份有限公司本次发行的保荐人是？,昇兴集团股份有限公司本次发行的保荐人是招商证券股份有限公司。
500,根据大连派思燃气系统股份有限公司招股意向书，目前，世界已探明的天然气储量主要集中在什么地区？天然气消费以哪些地区为主？,根据大连派思燃气系统股份有限公司招股意向书，目前，世界已探明的天然气储量主要集中在俄罗斯、中东、北美和北非地区，天然气消费以俄罗斯、美国、欧盟、中东、东南亚等气源丰富地区以及中国、印度、南美洲等经济新兴国家为主。
501,截至2009年底，中海达、南方测绘合计占有国产品牌销售额的多大比例？,根据给定材料，截至2009年底，中海达、南方测绘合计占有国产品牌销售额的70%左右。
502,联化科技股份有限公司在2007年第一次临时股东大会上审议并通过了哪些募集资金项目？,联化科技股份有限公司在2007年第一次临时股东大会上审议并通过了三个募集资金项目，分别是：“年产2500吨卤代芳腈产业化技改项目”、“年产600吨XDE生产线建设项目”和“高新技术研究开发中心技改项目”。
509,广州中海达卫星导航技术股份有限公司整体变更前后，股本增加了多少？,"公司整体变更前后，股本由1,075万元增至3,750万元，增加了2,675万元。"
513,2007年、2008年、2009年，南京中电联环保股份有限公司存货周转率分别为多少次？,2007年、2008年、2009年，南京中电联环保股份有限公司存货周转率分别为2.19次、2.08次、2.73次。
515,根据招股意见书，公司何时整体变更为华瑞电器股份有限公司？,整体变更为华瑞电器股份有限公司的时间是2012年12月21日。
516,根据浙江开尔新材料股份有限公司招股意向书，截至2010年末，合肥翰林总资产为多少？,"根据浙江开尔新材料股份有限公司招股意向书，截至2010年末，合肥翰林总资产为4,472.54万元。"
517,持有烟台杰瑞石油服务集团股份有限公司5%以上股份的股东有是谁？本次公开发行前，他们持有的股份分别占公司总股本的多少比例？,"持有烟台杰瑞石油服务集团股份有限公司5%以上股份的股东是公司主要发起人孙伟杰、王坤晓和刘贞峰，本次公开发行前上述三人分别持有公司股份3,032.40万股、2,074.80万股和1,622.53万股，分别占公司总股本的35.34%、24.18%和18.91%。"
519,截至2018年末，按照国内高速铁路控制系统集成项目累计中标里程统计，中国铁路通信信号股份有限公司的中标里程覆盖率为多少？,根据给定材料，“截至2018年末，按照国内高速铁路控制系统集成项目累计中标里程统计，中国铁路通信信号股份有限公司的中标里程覆盖率为超过60%。”因此，答案为：“超过60%”。
520,截至2009年12月31日，杭州中恒电气股份有限公司的净资产是多少？,截至2009年12月31日，杭州中恒电气股份有限公司的净资产是5000万元。
524,旷达汽车织物集团何时设立股份有限公司，注册资本是多少？,"旷达汽车织物集团设立股份有限公司的时间是2007年12月18日，注册资本是15,000万元人民币。"
526,新疆浩源天然气股份有限公司实际控制人直系亲属控股的企业有哪些？,控制的企业包括：阿克苏基岩混凝土工程有限责任公司、阿克苏盛威房地产开发有限公司、阿克苏佳园物业服务有限责任公司、阿克苏净宇环保产业有限责任公司、新疆阿克苏环瑞危险废物处理有限公司、温宿县浩源葡萄酒庄有限公司、阿克苏鸿业监理有限责任公司、海南乾泰投资有限公司、海南屯昌盛威投资有限公司等。
527,北京天宜上佳高新材料股份有限公司2017年度的营业收入和净利润分别为多少？,"北京天宜上佳高新材料股份有限公司2017年度的营业收入和净利润分别为50,713.40万元和22,193.09万元。"
531,武汉兴图新科电子股份有限公司法定代表人是谁？,武汉兴图新科电子股份有限公司法定代表人为程家明。
533,在营销模式方面，云南沃森生物技术股份有限公司如何提高疫苗产品的品牌影响力？,在营销模式方面，云南沃森生物技术股份有限公司通过组织高水平学术推广会议、与各级疾控中心合作开展基础预防教育等方式，提高本公司疫苗产品的品牌影响力。此外，该公司还充分发挥对国内流行病发展趋势、国际国内疫苗发展趋势以及疫苗研发生产的深刻理解，通过自营与区域代理商相结合的产品销售模式，建立了覆盖全国的营销网络。
541,烟台杰瑞石油服务集团股份有限公司面临的市场风险有哪些？,根据给定材料，烟台杰瑞石油服务集团股份有限公司面临的市场风险包括外汇汇率的波动风险和市场竞争风险。外汇汇率的波动将直接影响公司采购成本及出口产品的销售价格，从而对公司经营造成影响。而市场竞争加剧也可能导致公司国内市场占有率降低，从而影响公司业绩。
543,武汉兴图新科电子股份有限公司注册资本是多少？,"武汉兴图新科电子股份有限公司注册资本是5,520万元。"
544,华瑞电器股份有限公司成立以来的是否存在重大资产重组？如果存在，该重组是什么？,是的，华瑞电器股份有限公司成立以来存在重大资产重组。据材料描述，“发行人成立以来的重大资产重组为对同一控制下关联企业——宁波胜克的换向器业务和资产进行整合。”因此，该重组属于同一控制下企业合并。
545,5、确成硅化学股份有限公司的子公司确成国际主营业务是什么？,根据材料可知，确成硅化学股份有限公司的子公司确成国际的主营业务是投资及贸易。
547,请查询：在2019的年度报告中，个人投资者持有基金份额大于机构投资者持有基金份额的基金属于股票型类型的有几个。,根据提供的材料，我无法找到关于2019年度报告中个人投资者持有基金份额大于机构投资者持有基金份额的股票型基金的具体数量。
550,内蒙古君正能源化工股份有限公司控股股东、实际控制人控制的其他企业有哪些？,内蒙古君正能源化工股份有限公司的控股股东、实际控制人控制的其他企业包括：君正国际投资（北京）有限公司、北京博晖创新光电技术股份有限公司、乌海市君正科技产业有限责任公司、乌海市君正房地产有限公司、北京博昂尼克微流体技术有限公司、廊坊市君正房地产开发有限公司。
553,中国铁路通信信号股份有限公司本次发行初始战略配售发行数量为多少股？占发行数量的多大比例？,本次发行初始战略配售发行数量为 5.4亿股，占发行数量的 30.00%。
554,华达汽车科技股份有限公司近年开发的代表性新产品及新技术有哪些？,"根据给定材料，华达汽车科技股份有限公司近年开发的代表性新产品及新技术有：

1. 滚花隔热板的开发及应用；
2. 由原冲压工序模具逐渐向连续模、传递模制造转型，并采用机器人辅助制造系统集成技术适应自动冲压、焊接生产线智能制造；3. 在金属管制件方面由传统的发动机金属油管、气管、水管、转向管、制动管、燃油管、冷却水管向技术含量高、附加值高的高油压管方向发展。"
556,海南双成药业股份有限公司的前身是什么？成立于何时？,海南双成药业股份有限公司的前身是海南双成药业有限公司，成立于2000年5月22日。
558,根据江苏爱康太阳能科技股份有限公司招股意向书，从太阳能电池企业布局供给结构来看，大部分企业最主要分布在什么地区？,从太阳能电池的供给区域看，亚洲是全球最大的太阳能电池供应地区。自2004年以来，中国在晶体硅太阳能电池生产能力方面呈现出快速增长，2007年的晶体硅太阳能电池产量已经超越日本，成为世界第一大晶体硅太阳能电池生产国。以2009年的产量来看，中国晶体硅太阳能电池的产量占到全球总产量的42.1%。欧洲的德国也是较大的太阳能电池供应国，其产量占据全球的16.9%，美国的太阳能电池供给约占全球7.5%左右。2008年、2009年全球太阳能电池供给区域分布情况如下：  ④行业主要企业太阳能电池行业集中度较高，2007-2009年全球前十大太阳能电池厂商的供给分别占全球总供给的59.41%、56.12%和67.35%  2009年9月24日江阴爱康太阳能器材有限公司依法更名为江苏爱康太阳能科技有限公司。2010年9月14日，江苏爱康太阳能科技有限公司整体变更为江苏爱康太阳能
559,东莞勤上光电股份有限公司目前主要竞争对手有哪些？,东莞勤上光电股份有限公司目前主要竞争对手有欧司朗、飞利浦、联创光电等。
560,广州中海达卫星导航技术股份有限公司两家全资子公司是？,"广州中海达卫星导航技术股份有限公司两家全资子公司是？ 
根据给定材料，广州中海达卫星导航技术股份有限公司的两家全资子公司分别是中海达测绘和华星定位。"
565,报告期内，广东银禧科技股份有限公司国外销售收入占当期主营业务收入的比重分别是多少？,根据给定材料，广东银禧科技股份有限公司国外销售收入占当期主营业务收入的比重分别是72.52%、63.13%和51.14%。
566,海南双成药业股份有限公司制定了哪些环保和安全管理规程？,"海南双成药业股份有限公司制定了以下环保和安全管理规程：
1. 厂区安全管理规程
2. 检验室安全管理规程
3. 设备事故管理规程
4. 安全用电管理规程
5. 安全事故管理规程
6. 停水、停电处理管理规程
7. 化学危险品管理规程
8. 质量事故管理规程
9. 质检中心安全管理规程"
567,在环保资质方面，森赫电梯股份有限公司取得了哪些排污许可证，有效期是什么时候？,"森赫电梯股份有限公司取得了两项排污许可证，分别是：
1. 编号为913305006691654997001X的《废气控制制度》；
2. 编号为913305006691654997001X的《废水排放控制制度》。这两项排污许可证的有效期均至2025年3月25日。"
571,常熟风范电力设备股份有限公司采取了哪些措施来降低实际控制人风险？,"常熟风范电力设备股份有限公司采取了多项措施来降低实际控制人风险，包括：
1. 制订并实施“三会”议事规则、建立独立董事制度、成立由独立董事占多数的董事会战略与投资委员会、提名委员会、审计委员会、薪酬与考核委员会等一系列措施，完善公司治理结构；
2. 控股股东范建刚、范立义和范岳英作为关联方，合并持有公司77.8525%的股份。本次公开发行后，范建刚、范立义和范岳英所控制的股份比例将降低至58.3893%，但仍然占据绝对控股地位；
3. 利用厂房本身的隔声效果以及厂房外辅房（空调机房、空压机房等等）阻挡作用可以有效削减高噪声源的声压级，削减作用可达30dB(A)左右；
4. 厂房内壁在适当位置设置一些多孔吸声材料，天花也设置一些吸声吊顶，对车间进行适当分隔，能有效降低车间内部的综合噪声；
5. 减少开窗率，窗户使用双层玻璃，削减噪声；对于高噪操作，在室内设置隔声主控室；
6. 将东西向车间的东段作为临时存放和产品保管区，能将声源西移，减少对东北方居民的影响；
7. 充分发挥几何距离衰减作用的效果，车间布置上使声源远离厂界，达到衰减效果；
8. 厂区大力进行绿化建设，厂区内部形成桥灌草混合的卫生防护景观绿化；同时厂界建设高围墙，围墙内外种植“枝密型”乔木和灌丛。通过上述治理措施，可使厂界噪声及厂界周围区域环境噪声达标，使厂界周围的声环境符合《工业企业厂界噪声标准》（GB12348—90）III类的要求，其中东北侧居民点符合2类混杂区的标准要求。"
579,进入常熟风范电力设备股份有限公司所属行业的主要障碍有哪些？,"进入常熟风范电力设备股份有限公司所属行业的主要障碍有：

  1. 生产许可经营的壁垒: 为了保证电力运行的安全，国家对输电线路铁塔的生产实行严格的生产许可证制度，企业必须取得国家质检总局颁发的生产许可证才能进行输电线路铁塔生产活动。
  2. 资质壁垒: 出于对电网安全运行的考虑，电力系统对电力设备制造商实行严格的标准化管理和资质审查，产品实行认证制度，厂商新研制的各类设备要取得入网运行资格，除了需要有半年至一年的试运行考验外，还必须通过国家或行业权威检测机构的各种试验检测并通过产品鉴定。产品销售一般都要通过招投标方式获得，而招标方对投标单位都有较为严格的资质要求和以往的业绩要求，这对新进入的企业形成一定的资质壁垒。"
586,2015年末珠海健帆生物科技股份有限公司的货币资金相比2014年末增加了多少？这个增加主要是由于什么原因？,2015年末珠海健帆生物科技股份有限公司的货币资金相比2014年末增加了148.89%，这个增加主要是由于公司首次公开发行股票收到募集资金以及货款回收良好等原因导致。
587,假设股票日收益率计算公式为：日收益率=（当日收盘价-昨收盘价）/昨收盘价。请帮我找到在2020年，申万行业分类行业划分标准，建筑材料一级行业中，代码为多少的股票的日均收益率最高？,无法回答
592,报告期内，深圳市超频三科技股份有限公司直接材料成本占营业成本比例分别为多少？,报告期内，深圳市超频三科技股份有限公司直接材料成本占营业成本比例分别为 78.31%、75.40% 和 76.27%。
595,湖南南岭民用爆破器材股份有限公司监事有谁？,湖南南岭民用爆破器材股份有限公司的监事有唐竞男和王先文。
596,深圳市铁汉生态环境股份有限公司公司的人才队伍有副研究员、高级工程师各几人？,根据给定材料，深圳市铁汉生态环境股份有限公司公司的人才队伍中有副研究员1人、高级工程师9人。
600,根据海南双成药业股份有限公司招股意向书，医药行业的主要销售渠道是怎样的？,医药行业的销售渠道主要包括医院、零售药店和电商平台三种形式。其中，医院为主要销售渠道，占比达到70%左右；零售药店占比约为20%，电商平台占比相对较小。
601,江苏爱康太阳能科技股份有限公司实际控制人是谁？,江苏爱康太阳能科技股份有限公司的实际控制人是邹承慧。
607,请查询：在2019的年度报告中，个人投资者持有基金份额大于机构投资者持有基金份额的基金属于其他型类型的有几个。,根据您提供的材料，我无法找到关于2019年个人投资者持有基金份额大于机构投资者持有基金份额的基金属于其他类型的具体数据。因此，我无法回答这个问题。
609,国科微电子计划在哪里建立一个研发产业基地？,国科微电子计划在国家级长沙经济技术开发区建立一个集广播电视、安防监控、固态存储、物联网等细分领域芯片研发产业基地。
610,2016年-2018年，北京天宜上佳高新材料股份有限公司参与并中标的铁总联采数量分别为多少？,2016年-2018年，北京天宜上佳高新材料股份有限公司参与并中标的铁总联采数量分别为2.05万片、2.51万片和4.67万片。
611,在与索特传动的产品争议中，浙江双飞无油轴承股份有限公司承担多少的维修发生额？,浙江双飞无油轴承股份有限公司承担了610.912万元的维修金额。
613,2021年年度报告里，中海基金管理有限公司管理的基金中，机构投资者持有份额比个人投资者多的基金有多少只?,根据给出的材料，我无法找到关于“2021年年度报告里，中海基金管理有限公司管理的基金中，机构投资者持有份额比个人投资者多的基金有多少只？”的具体信息。因此，我无法回答这个问题。
615,2009年、2008年、2007年兰州海默科技股份有限公司的综合毛利率分别是多少？,2009年、2008年、2007年兰州海默科技股份有限公司的综合毛利率分别为54.09%、56.62%、48.93%。
617,青海互助青稞酒股份有限公司2010年经备案的青稞收购量及实际采购量是多少？,"根据给定材料，青海互助青稞酒股份有限公司2010年经备案的青稞收购量及实际采购量如下表所示：

| 项目 | 经备案的收购量(吨) | 实际采购量(吨) |
| --- | --- | --- |
| 2010年 | 12,231.25 | 11,823.25 |

因此，答案为：青海互助青稞酒股份有限公司2010年经备案的青稞收购量及实际采购量分别为12,231.25吨和11,823.25吨。"
624,青海互助青稞酒股份有限公司2010年度营业收入与净利润是多少？,"青海互助青稞酒股份有限公司2010年度营业收入与净利润是多少？
根据给定材料，无法直接找到答案。"
627,宁波立立电子股份有限公司主要产品是什么？,宁波立立电子股份有限公司的主要产品是半导体硅材料行业的硅单晶锭、硅抛光片、硅外延片及功率肖特基二极管芯片。
629,根据深圳信立泰药业股份有限公司招股意向书，进入医药行业的壁垒较高，有哪几个方面？,进入医药行业的壁垒较高，目前主要有以下几个方面：1、政策壁垒除符合一般性法律、法规以外，本行业企业还要具备《中华人民共和国药品管理法》规定的经营条件，包括具有依法经过资格认定的药学技术人员、工程技术人员及相应的技术工人；具有与其药品生产相适应的厂房、设施和卫生环境；具有能对所生产药品进行质量管理和质量检验的机构、人员以及必要的仪器设备；具有保证药品质量的规章制度；取得《药品生产许可证》；通过GMP认证等。2、资金壁垒医药行业是高投入行业，其新产品开发投入高，周期长，风险大；药品生产专用设备多，重要仪器设备依赖进口，费用昂贵；产品销售渠道复杂，环节多，资金周转偏慢，营业费用所占比例较高。因此，新进入者通常需要很长的启动时间，资金压力较大。3、市场壁垒我国医药行业企业数量多，盈利能力参差不齐，产品的差异化程度不高，市场竞争较为激烈。
630,截至2007年12月31日，宁波立立电子股份有限公司存货账面价值为多少？占总资产的多大比例？,"宁波立立电子股份有限公司2007年12月31日的存货账面价值为12,392.06万元，占总资产的17.12%。"
633,兰州海默科技股份有限公司的主要产品有哪些？,兰州海默科技股份有限公司的主要产品包括多相流量计、石油测井仪器、压裂泵液力端部件以及油田服务业务。此外，该公司还从事机电产品（不含进口摄录像机）的批发零售、油田技术服务、石油化工设备的销售以及钻探施工等业务。
634,嘉实基金管理有限公司管理的股票型产品的数量有多少?,材料中没有提到嘉实基金管理有限公司管理的股票型产品的数量。
639,湖南长远锂科股份有限公司报告期内何时发生了重大资产重组？该重大资产重组是什么？,湖南长远锂科股份有限公司报告期内发生了重大资产重组。本次重组系中国五矿将其控制的新能源电池正极材料板块的经营性资产无偿划转至公司，该重大资产重组完成后，公司取得了长远锂科的控股权，从而纳入合并报表范围。本次重组构成同一控制下企业合并，根据企业会计准则的规定，应当视同合并后的报告主体自最终控制方开始控制时点起一直存在，因此对比较期间财务报表进行追溯调整。
643,根据募集资金项目的可行性研究报告，项目全部达产后，杭州中恒电气股份有限公司可增加多少销售收入？新增利润总额为多少？,"根据材料所示，本次募集资金投资项目达产后，杭州中恒电气股份有限公司可增加销售收入32,760万元，新增利润总额5,585万元。"
646,本次发行前，汉嘉设计集团股份有限公司实际控制人是谁？,发行人实际控制人为岑政平、欧薇舟夫妇。
649,报告期内，深圳市超频三科技股份有限公司筹资活动产生的现金流量净额分别为多少？,"根据给定材料，深圳市超频三科技股份有限公司的筹资活动产生的现金流量净额分别为 1,115.73 万元、-262.95 万元和 4,942.91 万元。"
651,报告期各期末，山东海看网络科技有限公司及其控股子公司在册员工总数为多少人？,"经过分析，我们发现答案就在材料中提到的"" 报告期各期末，山东海看网络科技有限公司及其控股子公司在册员工总数分别为358人、342人及336人。""所以，答案是358人、342人及336人。"
653,2017年末，汉嘉设计集团股份有限公司的应收账款净额是多少？,"2017年末，汉嘉设计集团股份有限公司的应收账款净额为30,324.04万元。"
655,湖南南岭民用爆破器材股份有限公司技术中心下设哪些部门？,湖南南岭民用爆破器材股份有限公司技术中心下设产品开发部、技术服务部、信息管理部、测试中心、质量管理部五个部门。
656,根据《国民经济行业分类》，汉嘉设计集团股份有限公司主营业务所属行业是什么？分类代码是什么？,根据给定材料，汉嘉设计集团股份有限公司主营业务所属行业是专业技术服务业，分类代码是M74。
659,2019年中期报告里，国融基金管理有限公司管理的基金中，机构投资者持有份额比个人投资者多的基金有多少只?,根据给定材料，无法找到关于国融基金管理有限公司管理的基金中机构投资者持有份额比个人投资者多的基金的信息。
660,华瑞股份第二次股权转让在哪一年发生？,华瑞股份第二次股权转让发生在2014年12月。
662,联化科技股份有限公司设立以来的业务发展过程可以分为哪几个阶段？,"联化科技股份有限公司设立以来的业务发展过程可以分为以下几个阶段:

  1. 1986-1990 年的香精、香料业务:公司主要从事香精、香料的生产经营，并开始从事染料中间体的研发、生产及销售工作。
  2. 1990-1998 年的染料中间体业务:公司逐渐淘汰了附加值较低的香精、香料产品，专注于染料中间体的研发和生产，并取得了显著的业绩增长。
  3. 近年来，为了更贴近市场、掌握市场动态，公司注重国内外精细化工产品的信息交流，从而在第一时间掌握了国内外市场供需情况资料。公司的产品结构、产量以及新产品开发策略均根据国内外市场的变化和客户的需求进行及时调整，产品应市场而更新换代，保证了公司产品的较高市场占有率，使公司在激烈的市场竞争中保持着较强的生机和活力。

综上所述，联化科技股份有限公司成立以来经历了两个重要的发展阶段，分别是香精、香料业务和染料中间体业务阶段，现在正处于精细化工产品的研制与销售阶段。"
664,2015年末珠海健帆生物科技股份有限公司资产总额比2014年末增加了多少？,2015年末珠海健帆生物科技股份有限公司资产总额为12461.09万元，比2014年末增加了4272.05万元。
665,请问2020年三季度有多少家基金是净申购?它们的净申购份额加起来是多少?请四舍五入保留小数点两位。,无法回答
666,华达汽车科技股份有限公司的主要无形资产是什么？,华达汽车科技股份有限公司的主要无形资产是土地使用权、软件和专利技术。
667,最近三年及一期，江苏旷达汽车织物集团股份有限公司汽车内饰面料产品的毛利率分别为多少？呈现怎样的趋势？,最近三年及一期，江苏旷达汽车织物集团股份有限公司汽车内饰面料产品的毛利率分别为39.27%、34.18%、35.27%和33.51%，呈现整体略微下降的趋势。
668,根据江苏爱康太阳能科技股份有限公司招股意向书，2009年我国光伏新增装机容量占全球市场需求份额的多少？,2009年我国光伏新增装机容量占全球市场需求份额为2.22%。
672,青海互助青稞酒股份有限公司材料采购物资主要有哪些？,青海互助青稞酒股份有限公司材料采购物资主要有青稞、谷糠等原辅材料和酒瓶、纸箱等包装材料。
678,截至本招股意向书签署日，山东海看网络科技有限公司IPTV智能运营平台能够支持多少终端用户同时在线观看？,"截至本招股意向书签署日，山东海看网络科技有限公司IPTV智能运营平台能够支持2,000万终端用户同时在线观看。"
681,青海互助青稞酒股份有限公司本次发行股票的数量、每股面值分别是多少？,"青海互助青稞酒股份有限公司本次发行股票的数量为6,000万股，每股面值为1元。"
682,联化科技股份有限公司主要产品处于精细化工产业链的哪个阶段？,联化科技股份有限公司主要产品处于精细化工产业链的精细化学高级中间体阶段。
684,读者出版传媒股份有限公司所在行业具有怎样的波动性特征？销售高峰是什么时候？,读者出版传媒股份有限公司所在行业为出版业，其波动性特征主要表现在教材教辅销售市场上。教材教辅的销售高峰主要出现在每年春、秋两季开学时，形成图书市场销售季节性波动的特征。
685,云南沃森生物技术股份有限公司的疫苗研发团队由多少人组成？,云南沃森生物技术股份有限公司的疫苗研发团队由 110 人组成。
687,新疆浩源天然气股份有限公司所处行业的经营特点是怎样的？,新疆浩源天然气股份有限公司所处行业的经营特点是天然气的管道运输及分销，位于天然气行业产业链的中下游。
692,杭州中恒电气股份有限公司本次募投项目涉及的新产品是什么？,根据给定材料，杭州中恒电气股份有限公司本次募投项目涉及的新产品没有明确说明。
693,2014年珠海健帆生物科技股份有限公司应收账款增加的主要原因是什么？,2014年珠海健帆生物科技股份有限公司应收账款增加的主要原因是因为公司销售规模的快速增长和巨大的市场需求，导致公司应收账款相应增长。
694,湖南国科微电子股份有限公司近三年四季度实现的净利润均高于全年净利润的原因有哪些？,湖南国科微电子股份有限公司近三年四季度实现的净利润均高于全年净利润的原因主要是因为公司营业收入存在季节性波动，而公司新产品多集中于四季度量产并投放市场，因此会使得公司四季度的收入较高。此外，由于公司费用发生年度内相对均衡，从而使得公司盈利能力集中在四季度实现。因此，以上因素综合导致了公司近四季
696,2016年大博医疗科技股份有限公司电费单价为什么下降？,根据材料所示，大博医疗科技股份有限公司在2016年的电费单价较2015年略有下降，主要是由于2016年之前公司新厂房仍处于试生产阶段，能源耗用较低，但是公司新厂房电表需每月缴纳一定金额基础电费，导致单价较高，2016年开始公司新厂房能源耗用上升，用电单价趋于平稳，整体用电单价随之降低。因此，为了节约成本，公司在2016年加大了对节能技术的投入和改造，使得电费单价有所下降。
697,截至本招股意向书出具之日，广东银禧科技股份有限公司共拥有多少发明专利？,截至本招股意向书出具之日，广东银禧科技股份有限公司共拥有9项发明专利（其中与四川大学共同拥有发明专利3项，与华南理工共同拥有发明专利1项）。
699,确成硅化学股份有限公司所在地在何处？,确成硅化学股份有限公司的所在地为无锡市锡山区东港镇东青河村。
700,烟台杰瑞石油服务集团股份有限公司的上下游行业是什么？,根据给定材料，烟台杰瑞石油服务集团股份有限公司的上下游行业主要是油田专用设备制造业以及油田、矿山设备维修改造及配件销售业。
701,内蒙古君正能源化工股份有限公司及其子公司享受的税收优惠政策有哪些？,"公司及其下属子公司享受的税收优惠政策包括： 
1. 根据内蒙古自治区财税[2008]156号文件，2009年1月1日起实行增值税即征即退政策； 
2. 根据乌海市国家税务局下发的乌海国税所字[2006]178号文件，君正化工享受西部大开发企业所得税优惠政策，2007年至2008年免征所得税，2009年至2011年所得税减半计征；3. 君正化工根据内蒙古自治区内政发[2001]60号文件中第五条第三款和内蒙古自治区地方税务局、科技厅的有关补充通知中：“经自治区科技管理部门审批，认定的国家高新技术开发区外的高新技术企业，从认定之日起，其所得税免征五年”的规定，以及内蒙古自治区国家税务局国税所函[2008]4号文件和乌海市国税局乌海国税所字[2008]11号文件的批复，该公司享受高新技术企业所得税优惠政策，2007年度免征所得税。"
702,昇兴集团股份有限公司的英文名称是？,"星兴集团股份有限公司的英文名称是：ShengXing Group Co., Ltd."
703,北京天宜上佳高新材料股份有限公司在报告期内主要从事什么业务？,北京天宜上佳高新材料股份有限公司在报告期内主要从事高铁动车组用粉末冶金闸片及机车、城轨车辆闸片、闸瓦系列产品的研发、生产和销售。
704,大博医疗科技股份有限公司注册资本是多少？,"大博医疗科技股份有限公司的注册资本是36,000.00万元。"
705,湖南长远锂科股份有限公司董事会成员是谁？,湖南长远锂科股份有限公司董事会成员包括杨应亮、周万春、黄怒波、黄赐吡、高振亚、谢赵清、张树全、陈华、雷新文、饶冰笑、李书锋、何学宽、肖国旗、邓超、唐narath钠、刘柳青、王震西、陈新文、许军、徐志勇、周志成、易丹青、彭晓洁、李良平等28人。
711,东莞勤上光电股份有限公司获得多少项国内专利？其中有多少项发明专利？,东莞勤上光电股份有限公司截至2011年6月30日，公司拥有专利166项，其中发明专利24项。
712,南京中电联环保股份有限公司业务范围涉及哪些行业？,南京中电联环保股份有限公司业务范围涉及火电、核电、石化、煤化工、冶金等多个行业。
713,江苏爱康太阳能科技股份有限公司拥有的控股子公司是哪些？,江苏爱康太阳能科技股份有限公司拥有的控股子公司包括南通爱康、张家港爱康、佛山同兴、苏州爱康安装、苏州爱康新材料、无锡爱康。
717,新疆浩源天然气股份有限公司上、下游企业有哪些？,根据给定材料，新疆浩源天然气股份有限公司的上游企业主要是油气生产企业，包括中石油、中国石油化工股份有限公司、中国海洋石油总公司三家企业，它们是中国最大的天然气长输管道行业企业。而下游企业主要为城市燃气公司及工业用户。
720,西安启源机电装备股份有限公司上游行业发展状况对本行业制约情况如何？,西安启源机电装备股份有限公司上游行业属于竞争性行业，总体上受宏观经济变动影响较大。但是，由于专用设备行业要求的技术水平高，技术综合性较强，整体水平的提升需要相关配套行业的协调发展。因此，由于我国机械加工技术与国际相比仍相对落后，整体配套能力不强，对本行业的发展有一定的制约作用。另外，上游行业发展状况也会影响本行业的成本和供应链稳定性。
723,2008年度深圳信立泰药业股份有限公司适用税率为多少的减半征收企业所得税的优惠政策？,2008年度深圳信立泰药业股份有限公司适用税率为18%的减半征收企业所得税的优惠政策。根据《中华人民共和国企业所得税法》和《国务院关于实施企业所得税过渡优惠政策的通知》规定，公司在新税法施行后5年内逐步过渡到法定税率（其中2008年按18%税率执行），因此2008年度该公司适用的企业所得税税率为18%，且由于该公司为高新技术产业，因此可在此基础上减半征收企业所得税，实际税率为9%。
724,湖南国科微电子股份有限公司设计的哪些产品具备较高的性价比，形成了较为明显的领先优势？,根据给定材料，湖南国科微电子股份有限公司设计的广播电视系列芯片和智能监控系列芯片具备较高的性价比，形成了较为明显的领先优势。
726,读者出版传媒股份有限公司如何应对纸质媒体竞争加剧，消费群体扩张难度加大的经营管理风险？,面对纸质媒体竞争加剧、消费群体扩张难度加大的风险，“读者出版传媒股份有限公司”采取了多种应对措施。首先，他们积极向第二次售卖、第三次售卖布局，实现了对目标消费群体的深度挖掘。其次，他们推出了一系列相关产品，如高考作文素材增刊、中考作文素材增刊、编辑《读者 30 年合订本》以及《读者·校园版》，引导二次消费，提高购买率。此外，他们还在期刊经营的策略上不再局限于对期刊内容的一次售卖，而是积极向第二次售卖、第三次售卖布局，实现了对目标消费群体的深度挖掘。通过这些措施，“读者出版传媒股份有限公司”在一定程度上缓解了纸质媒体竞争加剧、消费群体扩张难度加大的风险。
727,2021年中期报告里，西部利得基金管理有限公司管理的基金中，机构投资者持有份额比个人投资者多的基金有多少只?,根据提供的材料，我无法回答该问题。
729,截止本招股意向书签署日，持有北京天宜上佳高新材料股份有限公司5%以上股份的主要股东有谁？,截止本招股意向书签署日，持有北京天宜上佳高新材料股份有限公司5%以上股份的主要股东为吴佩芳、睿泽产业基金、北工投资、金石灏汭、冯学理。
733,报告期内，山东海看网络科技有限公司主要收入来源是什么？,报告期内，山东海看网络科技有限公司的主要收入来源包括两部分：IPTV 业务和广告运营业务。其中，IPTV 业务的收入主要来自于 iptv 收视费分成收入和购买内容版权的版权费。广告运营业务的收入则来自于为客户提供的广告制作及投放等服务。
737,大连派思燃气系统股份有限公司拥有哪些制造许可证？,大连派思燃气系统股份有限公司拥有国内特种设备A级压力管道组件(仅限燃气调压装置)制造许可证，特种设备A1级高压容器(仅限单层)和A2级第III类低、中压容器设计、制造许可证，以及美国机械工程师协会的ASME授权证书。
744,2009年度杭州中恒电气股份有限公司室外通信电源系统销售价格较2008年度上涨的主要原因是什么？,2009年度杭州中恒电气股份有限公司室外通信电源系统销售价格较2008年度上涨的主要原因是因为本期销售的室外通信电源系统中，单价较高的含蓄电池的产品销售比例较大，致使平均销售单价上涨。
745,山东海看网络科技有限公司所属行业的主要监管部门是什么？,"山东海看网络科技有限公司所处行业为""I 信息传输、软件和信息技术服务业""之""63 电信、广播电视和卫星传输服务""，因此，主要监管部门为广电总局、工信部和文旅部，国务院新闻办公室、国家互联网信息办公室等相关部门在各自职责范围内对行业信息内容实施监督管理，相关行业协会为各自行业提供自律性监管。"
746,南京中电联环保股份有限公司本次发行股数是多少？,"2,500万股"
750,深圳市铁汉生态环境股份有限公司如何发放劳务公司施工人员的工资？,深圳市铁汉生态环境股份有限公司会根据施工队的劳务人员和劳务公司施工人员的不同情况，采用不同的方式发放工资。对于施工队的劳务人员，公司将由各施工队统一编制工资单，经项目组及公司财务部审核通过后，由公司将各人员的工资发放到自然人手中；对于劳务公司施工人员，则是由发行人按照劳务分包合同的约定，向劳务公司支付劳务分包费用，劳务公司向施工人员发放工资，发行人会对劳务公司的工资发放情况进行跟踪监督。具体操作过程为：劳务工在进场施工的同时需将其身份证复印件在发行人处留底，劳务分包对象定期将劳务工考勤与工资表上交给发行人，待发行人财务人员将工资表人员与留底身份证复印件核对无误后，财务人员到项目现场将工资亲自发放到劳务工手中，劳务工持本人身份证原件领取工资并签字确认。
752,确成硅化学股份有限公司的控股股东是谁？,确成硅化学股份有限公司的控股股东是华威国际发展有限公司。
754,宁波立立电子股份有限公司募集资金的6－8英寸硅抛光片扩产项目总投资为多少？,"该项目总投资 53,735 万元，其中固定资产投资 48,563 万元。"
755,报告期内，珠海健帆生物科技股份有限公司核心技术产品的销售收入分别是多少？,"根据给定材料，无法找到关于""珠海健帆生物科技股份有限公司核心技术产品的销售收入分别是多少?""的直接答案。"
756,截至本招股意向书签署日，确成硅化学股份有限公司拥有几家控股子公司？,截至本招股意向书签署日，确成硅化学股份有限公司拥有六家控股子公司（含全资子公司），无其他控股子公司和参股子公司。
757,报告期内，大博医疗科技股份有限公司主营业务的毛利率是多少？,根据给定材料，无法找到关于大博医疗科技股份有限公司主营业务毛利率的直接信息。
761,本次发行前，东莞勤上光电股份有限公司总股本为多少？本次发行的股份约占发行后总股本的比例为多少？,"本次发行前，东莞勤上光电股份有限公司总股本为14,050.00万股。本次发行的股份约占发行后总股本的比例为25.00%。"
765,报告期内，海南双成药业股份有限公司保护氨基酸的采购量怎样变化？产生这样变化的主要原因是什么？,海南双成药业股份有限公司保护氨基酸的采购量逐年下降。其主要原因是公司主导产品“胸腺法新”的生产工艺不断优化使单位产品原材料耗用降低所致。
766,湖南国科微电子股份有限公司所处行业竞争激烈，什么因素可能对公司的成长性带来不利影响？,湖南国科微电子股份有限公司所处行业竞争激烈，如果公司的持续创新能力、管理水平、人才储备等内部因素不能适应公司持续快速发展的需要，或国家鼓励软件产业和集成电路产业发展的若干政策（如增值税税收优惠政策）等外部因素发生重大不利变化，将对公司的成长性带来不利影响。
770,兰州海默科技股份有限公司的哪些产品处于推广阶段？,公司提供的产品包括：用于油井单井计量和测试的“油井多相流量计”，用于对油田区块或者平台所辖全部油井的总产量进行计量的“总量计量多相流量计”，以及用于天然气井口计量和测试的“湿气多相流量计”。其中，油井多相流量计和总量计量多相流量计是公司的成熟技术，已经形成批量销售和应用；湿气多相流量计是公司研制成功的新产品，目前处于推广阶段。
771,2008年南京中电联环保股份有限公司营业收入增长主要来源是什么？,2008年南京中电联环保股份有限公司的营业收入增长主要来源于凝结水精处理、给水处理、废污水处理及中水回用和自动化控制等业务的贡献。
772,在本招股意向书的报告期内，常熟风范电力设备股份有限公司生产所需的主要原材料是什么？,根据给定材料，常熟风范电力设备股份有限公司生产所需的主要原材料没有被明确提及。
776,真兰仪表的主营业务是什么？,真兰仪表的主营业务为燃气计量仪表及配套产品的研发、制造和销售，涵盖了模具开发与生产、零部件制造、软件开发、智能模块研发与生产、燃气计量仪表整机自动化装配的全产业链业务模式。
778,西安启源机电装备股份有限公司战略委员会成员由几名公司董事组成？,西安启源机电装备股份有限公司战略委员会成员由五名公司董事组成。
782,截至2010年6月30日，西安启源机电装备股份有限公司在册员工总数为多少人？,截至到2010年6月30日，西安启源机电装备股份有限公司在册员工总数为564人。
786,广州中海达卫星导航技术股份有限公司的主要发起人是谁？,广州中海达卫星导航技术股份有限公司的主要发起人是廖定海。
788,广东银禧科技股份有限公司设立时的发起人是谁？,广东银禧科技股份有限公司设立时的发起人分别是银禧集团、广能商贸、东莞科投、联景投资和信邦投资。
790,2017年大博医疗科技股份有限公司收到了哪家公司的侵犯专利诉讼？,大博医疗科技股份有限公司在2017年收到了斯恩蒂斯有限公司的侵犯专利诉讼。
791,珠海健帆生物科技股份有限公司在哪些方面形成了较强的竞争优势？,"根据给定材料，珠海健帆生物科技股份有限公司在以下方面形成了较强的竞争优势：

  1. 公司是一家专注于研发、生产、销售血液净化相关产品的国家火炬计划重点高新技术企业，拥有多项专利技术，产品覆盖全国30多个省市自治区，广泛应用于尿毒症、中毒、重型肝病、自身免疫性疾病、多器官功能衰竭等各类急慢性肾功能衰竭治疗领域。
  2. 公司在珠海健帆生物医药产业园区内的新生产基地占地面积约13万平方米，目前一期工程已经建成投产，具备年产800万套血液透析器的生产能力，二期工程正在建设中，预计将进一步扩大公司产能规模。
  3. 公司注重技术研发和创新，建立了完善的研发体系和技术团队，近年来不断推出新产品，增强了公司核心竞争力。此外，公司还与国内外多家知名医院和研究机构开展合作，不断提高技术水平。
  4. 公司积极拓展全球市场，已经在德国、西班牙、意大利、俄罗斯、越南等多个国家取得了医疗器械产品注册证书，实现了国际化销售的布局。

综上所述，珠海健帆生物科技股份有限公司在技术实力、产品质量、产能规模、市场拓展等方面都具备较强的竞争优势。"
793,根据武汉兴图新科电子股份有限公司招股意向书，电子信息行业的下游主要包括哪些行业？,根据给定材料，电子信息行业的下游主要包括军队、政府机关、能源等行业企业。
794,招股意向书中所披露的湖南长远锂科股份有限公司的特别风险因素有哪些？,湖南长远锂科股份有限公司的特别风险因素包括：市场竞争加剧的风险、客户集中度较高的风险、原材料价格波动的风险、安全生产的风险、环境保护的风险、汇率波动的风险等。
795,武汉兴图新科电子股份有限公司参与的哪个工程荣获了国家科技进步一等奖？,"武汉兴图新科电子股份有限公司参与的""某情报、指挥、控制与通信网络一体化工程""荣获了国家科技进步一等奖。"
796,云南沃森生物技术股份有限公司先后承担了多少国家级、省级、市级课题项目？,根据以上材料，云南沃森生物技术股份有限公司先后承担了国家级、省级、市级课题项目 20 余项。
797,海南双成药业股份有限公司的主导产品是什么？,海南双成药业股份有限公司的主导产品是注射用胸腺法新。
800,北京天宜上佳高新材料股份有限公司的控股股东是谁？持有多少的股份？,"控股股东是吴佩芳，持有83,390,000股，占总股本的比例为28.68% 。"
801,2007年广东银禧科技股份有限公司收购了银禧工塑多少股份？这次收购的目的是什么？,2007年广东银禧科技股份有限公司收购了银禧工塑35%的股份。这次收购的目的是为了进一步促进公司发展壮大，增强公司综合竞争力，同时实现谭颂斌先生持有本公司股票的目的。
803,烟台杰瑞石油服务集团股份有限公司的劣势是什么？,根据给定材料，烟台杰瑞石油服务集团股份有限公司的劣势没有被明确指出。
807,中国铁路通信信号股份有限公司的实际控制人是谁？,中国铁路通信信号股份有限公司的实际控制人是国务院国资委。
809,广州中海达卫星导航技术股份有限公司的国内营销网络七大区是哪些？,广州中海达卫星导航技术股份有限公司的国内营销网络七大区是：华东大区、华南大区、华北大区、华中大区、西南大区、东北大区、西北大区。
810,截止2005年12月31日，南岭化工厂的总资产和净资产分别是多少？,截止2005年12月31日，南岭化工厂的总资产为27091.20万元，净资产为14494.86万元。
811,截至2017年12月31日，汉嘉设计集团股份有限公司无形资产原值为多少？账面价值为多少？,"根据您提供的材料，汉嘉设计集团股份有限公司截至2017年12月31日的无形资产原值为2,812.92万元，累计摊销为2,010.42万元，账面价值为802.50万元。"
813,2007年度，联化科技股份有限公司向欧盟出口的销售收入占公司工业业务收入的比重是多少？,2007年度，联化科技股份有限公司向欧盟出口的销售收入占公司工业业务收入的比重是4.92%。
815,报告期各期，深圳市铁汉生态环境股份有限公司经营活动产生的现金流量净额分别为多少？,"深圳市铁汉生态环境股份有限公司2010年9月30日的累计未分配利润为6,658.15万元。"
818,珠海健帆生物科技股份有限公司的产品已覆盖全国多少个省市和医院？,根据材料，珠海健帆生物科技股份有限公司的产品已覆盖全国31个省市和3000多家二级及以上医院。
821,根据招股意向书，预计昇兴集团股份有限公司2015年1-3月实现销售收入的范围是？,根据给定材料，无法回答该问题。
826,烟台杰瑞石油服务集团股份有限公司的产品和服务主要应用于哪个行业？,烟台杰瑞石油服务集团股份有限公司的产品和服务主要应用于石油行业。
827,大博医疗科技股份有限公司合并报表中商誉的金额是多少？,根据给定材料，大博医疗科技股份有限公司合并报表中商誉的金额为无法回答。
830,兰州海默科技股份有限公司的销售方式主要有哪两种？,兰州海默科技股份有限公司的销售方式主要有两种：一种是通过招投标方式获得合同，另一种是通过议标方式获得合同。
834,2009年南京中电联环保股份有限公司支付给职工以及为职工支付的现金共计为多少？,2009年南京中电联环保股份有限公司支付给职工以及为职工支付的现金共计为923.29万元。
835,根据中国证监会颁布《上市公司行业分类指引（2012年修订）》，中国铁路通信信号股份有限公司所属的行业是？,根据给定材料，中国铁路通信信号股份有限公司属于“C37 铁路、船舶、航空航天和其他运输设备制造业”。
837,浙江双飞无油轴承股份有限公司收入是否与其下游客户规模匹配？,"根据给定材料，无法直接回答 ""浙江双飞无油轴承股份有限公司收入是否与其下游客户规模匹配？ ""。因为材料中没有明确提到浙江双飞无油轴承股份有限公司的收入与下游客户规模的关系。"
843,内蒙古君正能源化工股份有限公司发行前每股净资产为多少元？,根据材料中的信息，“内蒙古君正能源化工股份有限公司发行前每股净资产为2.92元。”
844,兰州海默科技股份有限公司的实际控制人是谁？,实际控制人是窦剑文。
847,深圳信立泰药业股份有限公司注射盐酸头孢吡肟（信力威、1.0克装）在2006年、2007年、2008年、2009年1-6月的最高零售价格分别为多少？,根据材料可知，深圳信立泰药业股份有限公司注射盐酸头孢吡肟（信力威、1.0克装）在2006年、2007年、2008年、2009年1-6月的最高零售价格分别为90.00元/支、90.00元/支、90.00元/支和90.00元/支。
851,广东银禧科技股份有限公司的控股股东是谁？,广东银禧科技股份有限公司的控股股东是瑞晨投资。
853,目前新疆浩源天然气股份有限公司的上游供应商是？,新疆浩源天然气股份有限公司的上游供应商是中国石油天然气股份有限公司塔里木油田分公司。
854,大博医疗科技股份有限公司的主要技术有哪些？,大博医疗科技股份有限公司的主要业务系医用高值耗材的生产、研发与销售，主要包括骨科创伤类植入耗材、脊柱类植入耗材及神经外科类植入耗材等产品。因此，可以得出结论，大博医疗科技股份有限公司的主要技术包括骨科植入类耗材的研发和制造技术。
855,上海真兰仪表科技股份有限公司何时完成与主业不相关的电气业务剥离？,上海真兰仪表科技股份有限公司在2020年11月完成了与主业不相关的电气业务剥离。
856,中国铁路通信信号股份有限公司生产经营中是否涉及环境污染？如果涉及，涉及环境污染的环节有哪些？,根据给定材料，中国铁路通信信号股份有限公司在生产经营活动中涉及到了环境污染的问题。具体来说，涉及到的环境污染环节包括机械加工过程中产生的电镀污泥和有机溶剂、电子产品装联和电缆挤塑过程中产生的有机溶剂、设备保养维护过程中产生的乳化液和废油、厂区锅炉供暖产生的二氧化硫和氮氧化物、废水产生的化学需氧量和氨氮等。为了减少对环境的影响，该公司已经采取了一系列环保措施，包括对废水、废气、噪声和固体废弃物进行治理和处理，并定期监测和报告环保数据。同时，该公司也制定了环保相关的政策和制度，以确保其环保工作的合规性和有效性。
857,读者出版传媒股份有限公司的主要业务是什么？,读者出版传媒股份有限公司的主要业务是期刊、图书（含教材教辅及一般图书）出版物的出版和发行。
861,勤上有限何时变更为内资企业？,勤上有限于2007年10月经相关部门批准后变更为内资企业。
862,北京天宜上佳高新材料股份有限公司的注册资本是多少？,"北京天宜上佳高新材料股份有限公司的注册资本是 40,085.7188 万元。"
866,2015年2016年，汉嘉设计集团股份有限公司主营业务成本中，人工费用占主营业务成本比例分别为多少？,2015年-2017年，公司主营业务成本中，人工费用占主营业务成本比例分别为67.70%、66.79%和42.78%。
867,浙江双飞无油轴承股份有限公司客户为哪些行业的企业？,根据给定材料，浙江双飞无油轴承股份有限公司的客户主要包括模具制造、汽车制造、工程机械、家用电器、航空航天等行业的企业。其中，汽车行业的主要客户有全球知名模具制造商MISUMI(米思米)公司、国内汽车零部件轴瓦行业龙头企业烟台大丰轴瓦有限责任公司、重型汽车生产基地中国重汽集团等；工程机械行业的主要客户有国内领先的高空作业车生产企业浙江鼎力机械股份有限公司等。
868,湖南长远锂科股份有限公司的采购模式是怎样的？,"湖南长远锂科股份有限公司的采购模式主要包括以下几项：
1. 建立了健全的采购管理制度，包括《湖南长远锂科股份有限公司采购管理规定》、《湖南长远锂科股份有限公司采购方式管理办法》、《湖南长远锂科股份有限公司采购议价管理办法》、《湖南长远锂科股份有限公司招标管理办法》、《湖南长远锂科股份有限公司供应商管理办法》等各项制度，规范公司采购行为，防范采购风险。
2. 对于未履行请购和审批程序的采购项目，采购部会拒绝实施采购。
3. 公司各部门在提交请购申请时，需提前明确部门采购业务的请购人及请购权限，并报采购部备案。如果未履行请购和审批程序的采购项目，采购部会拒绝实施采购。
4. 公司采购人员根据合同约定的时间及时支付采购款项，大额采购付款提前报送付款计划。付款时，按照财务部规定的单据、付款依据、审批权限、审批流程进行办理。采购部建立采购付款登记台账，对每份合同的付款情况进行过程跟踪和管理，并与财务部定期核对有关票据和金额。
5. 供应商管理方面，锂科有限设立时的股权结构如下：..."
871,浙江开尔新材料股份有限公司成立时主要产品有什么？,浙江开尔新材料股份有限公司成立时主要产品有立面装饰搪瓷材料、工业保护搪瓷材料、城市服务搪瓷材料三大系列，可广泛应用于地铁、城市隧道、地下人行通道等地下空间内饰景观，电厂脱硫工程，城市公共服务设施等领域。
878,青海互助青稞酒股份有限公司本次发行后总股本不超过多少？,"青海互助青稞酒股份有限公司本次发行后总股本不超过6,000万股人民币普通股。"
879,生态环境建设行业的上游是什么行业？,根据您提供的材料，生态环境建设行业的上游主要为苗木种植业。
880,华达汽车科技股份有限公司的下游行业是什么？主要客户有哪些？,华达汽车科技股份有限公司的下游行业是汽车行业，主要客户包括上汽大众、一汽-大众、上汽通用、上汽通用五菱、长安汽车、北京现代、东风日产、长安福特、长城汽车、一汽丰田等十家主流乘用车厂商。
881,根据读者出版传媒股份有限公司招股意向书，2013年我国新闻出版产业的利润总额是多少？,"根据材料，2013年我国新闻出版产业的利润总额为1,440.19亿元。"
884,内蒙古君正能源化工股份有限公司产业链的核心环节是什么？,电力是公司各主营产品成本的主要构成部分，是公司完整产业链的核心环节。通过自备电厂实现电力自供不仅完善了公司氯碱及硅铁及产业链，而且为公司产业链形成并保持竞争力奠定了坚实基础。
885,海南双成药业股份有限公司的核心技术优势是什么？,海南双成药业股份有限公司掌握多肽类产品合成的核心技术，并自主研发成功“高效偶联固相合成技术”和“合成终点检测技术”。此外，公司还具备一定的研发能力，拥有多项专利。
886,为防止技术失密，华达汽车科技股份有限公司采取了哪些措施？,华达汽车科技股份有限公司为防止技术失密采取了较为谨慎的专利申请原则，同时与高级管理人员、核心技术人员以及相关研发人员均签订了严格的保密协议，并建立了完善的知识产权管理制度和科技创新奖励办法。
887,大连派思燃气系统股份有限公司的技术开发机构在何时被认定为省级企业技术中心？,大连派思燃气系统股份有限公司的技术开发机构是在2013年10月被认定为省级企业技术中心的。
894,根据该招股意向书，江苏旷达汽车织物集团股份有限公司正在从事研发项目包括哪些？,"根据该招股意向书，江苏旷达汽车织物集团股份有限公司正在从事研发项目包括：
引进无梭织机生产高档汽车内饰面料项目。"
901,海南双成药业股份有限公司的竞争劣势有哪些？,"材料中提到的公司竞争劣势包括：
1. 公司主要产品较为单一，收入的大部分来源于注射用胸腺法新；
2. 缺乏通畅的资本市场融资渠道，限制了发展速度；
3. 与国内知名大中型企业相比，公司高附加值产品不够丰富。"
902,在2019年报中，鹏华核心优势混合A基金第四大重仓股的代码和股票名称是什么？,根据给定材料，无法回答该问题。
907,读者出版传媒股份有限公司董事是谁？,读者出版传媒股份有限公司董事包括高新才、陈芳平、李宗义、刘立等。
909,江苏爱康太阳能科技股份有限公司报告期内第一大客户是谁？,江苏爱康太阳能科技股份有限公司报告期内第一大客户是无锡尚德。
915,海南双成药业股份有限公司的经营范围是什么？,海南双成药业股份有限公司的经营范围是：冻干粉针剂、胶囊剂、片剂、颗粒剂、原料药的研究、开发、生产、销售；化工产品（专营除外）、普通机械设备的生产销售（凡需行政许可项目凭许可证经营）。
916,江苏旷达汽车织物集团股份有限公司是否存在管理风险？有哪些管理风险？,根据给定材料，江苏旷达汽车织物集团股份有限公司存在一定的管理风险。由于整车降价的压力由汽车制造商部分转嫁到汽车零部件供应商，从而影响到汽车内饰面料销售价格的变化，近三年公司汽车内饰面料的平均销售价格呈逐年小幅下降趋势。此外，公司还面临经营、政策、市场风险、税收政策变化风险等。因此，建议投资者在投资时应该关注这些管理风险。
918,广东银禧科技股份有限公司注册资本是多少？,"广东银禧科技股份有限公司的注册资本为7,500万元。"
919,2019年中期报告里，东方基金管理股份有限公司管理的基金中，机构投资者持有份额比个人投资者多的基金有多少只?,根据提供材料，无法回答该问题。
921,大博医疗科技股份有限公司在2015年受到了哪些行政处罚？,2015年4月22日，厦门市食品药品监督管理局出具了《行政处罚决定书》，对大博有限处以没收金属骨针161个（货值：6279元），罚款2万元。受到上述处罚后，发行人对相应处罚内容采取了有效措施予以规范和整改。
922,2010年和2009年浙江开尔新材料股份有限公司签署的海外项目折合人民币金额分别是多少？,2010年和2009年浙江开尔新材料股份有限公司签署的海外项目折合人民币金额分别是665万元和36万元。
924,湖南长远锂科股份有限公司日常业务的经营主要涉及哪些部门？,湖南长远锂科股份有限公司日常业务的经营主要涉及研发中心、采购部、制造部以及销售部等相关部门。
926,烟台杰瑞石油服务集团股份有限公司获得过哪些荣誉称号？,烟台杰瑞石油服务集团股份有限公司获得过的荣誉称号有：“山东省优秀中小企业”、“山东省成长型中小企业”、2006年度和2007年度“烟台市百强民营企业”。
927,为推广IPTV业务并提升山东海看网络科技有限公司IPTV业务知名度，报告期内山东海看网络科技有限公司要主要通过什么方式进行业务宣传？,根据给定材料，为推广IPTV业务并提升山东海看网络科技有限公司IPTV业务知名度，报告期内山东海看网络科技有限公司主要通过广告投放、策划组织线下活动等方式进行业务宣传。
928,南京中电联环保股份有限公司的住所为？,南京中电联环保股份有限公司的住所为南京市江宁开发区诚信大道1800号。
929,浙江开尔新材料股份有限公司本次发行拟发行股份多少？发行后总股本为多少？,"浙江开尔新材料股份有限公司本次发行拟发行股份2,000万股，发行后总股本为8,000万股。"
930,2018年、2019年及2020年，森赫电梯股份有限公司境外销售收入分别为多少万元？占主营业务收入的比例为多少？,"2018年、2019年及2020年，森赫电梯股份有限公司境外销售收入分别为11,751.32万元、9,855.10万元和 9,466.41万元，占主营业务收入的比例分别为 26.02%、19.82%和17.81%。"
932,珠海健帆生物科技股份有限公司计划投资多少资金用于扩建研发中心？,"珠海健帆生物科技股份有限公司计划投资7,208.00万元用于扩建研发中心。"
933,根据中国证监会颁布的《上市公司行业分类指导》的规定，西安启源机电装备股份有限公司所属的行业大类、中类、小类是什么？,根据中国证监会颁布的《上市公司行业分类指导》的规定，西安启源机电装备股份有限公司所属的行业大类是“C7 机械、设备、仪表”，中类是“C76 电器机械及器材制造业”，小类是“C7615 电工器械制造业”。
937,江苏爱康太阳能科技股份有限公司成立时，主要发起人是谁？,江苏爱康太阳能科技股份有限公司成立时，主要发起人是爱康实业和爱康国际。
941,2017年1-6月，大博医疗科技股份有限公司水费单价为什么上升？,"根据给定材料，2017年1-6月，大博医疗科技股份有限公司的水费单价上升是因为2017年1月1日起厦门市污水处理费由每吨1.2元涨至每吨1.5元，具体内容见以下截图。

 因此，大博医疗科技股份有限公司的水费单价上升是因为政策原因导致的污水处理费用上涨。"
943,上海真兰仪表科技股份有限公司2020年增资的价格是多少？,2020年增资的价格是6.39元/股。
946,2015年至2017年，汉嘉设计集团股份有限公司来自浙江省内的业务收入占公司当期主营业务收入的比例分别是多少？,2015年至2017年，汉嘉设计集团股份有限公司来自浙江省内的业务收入分别占当期主营业务收入的55.29%，51.19%，69.90%。
947,报告期内云南沃森生物技术股份有限公司销售的自产疫苗产品有哪些？,根据给定材料，云南沃森生物技术股份有限公司销售的自产疫苗产品包括:吸附破伤风疫苗、重组乙肝疫苗(酵母)、b 型流感嗜血杆菌结合疫苗、冻干 ACYW135 群脑膜炎球菌多糖疫苗、ACYW135 群脑膜炎球菌多糖疫苗(液体)。
948,湖南长远锂科股份有限公司的主要产品有哪些？,湖南长远锂科股份有限公司的主要产品包括三元正极材料、钴酸锂正极材料、球镍等。此外，公司还从事废旧电池回收利用业务。
954,在20191007，按照申万行业分类的行业划分标准，哪个一级行业的A股公司数量最多？,无法回答
956,为了防范意外事故造成的损失，新疆浩源天然气股份有限公司何时购买了什么保险？,为了防范意外事故造成的损失，新疆浩源天然气股份有限公司于2010年8月购买了长输管线、中压管网财产保险和公众责任险等。
957,武汉兴图新科电子股份有限公司在哪个领域已经成为重要供应商？,武汉兴图新科电子股份有限公司在国防军队视频指挥领域已经成为重要供应商。
960,根据招股意向书，昇兴集团股份有限公司与下游食品饮料行业中的哪些知名企业结成了良好的合作关系？,昇兴集团股份有限公司与下游食品饮料行业中的知名企业，如惠尔康、银鹭集团、承德露露、养元饮品、达利集团、中国旺旺、广药王老吉、青岛啤酒、燕京惠泉等结成了良好的合作关系。
964,项目建成达产后，杭州中恒电气股份有限公司将新增多少套通信电源系统和电力操作电源系统？,"根据题目中的描述，“项目建成达产后，杭州中恒电气股份有限公司将新增 6,000 套通信电源系统（其中：室外通信电源系统 4,000 套、室内通信电源系统 2,000套）和 2,000 套电力操作电源系统。”所以答案是“项目建成达产后，杭州中恒电气股份有限公司将新增 6,000 套通信电源系统和 2,000 套电力操作电源系统。”"
965,华达汽车科技股份有限公司的主要原材料是什么？报告期间，主要原材料占公司主营业务成本比例约为多少？,华达汽车科技股份有限公司的主要原材料是车用板材和管材，主要包括普通钢板、镀锌钢板、铝板等。报告期间，主要原材料占公司主营业务成本比例约为80%。
966,根据江苏爱康太阳能科技股份有限公司招股意向书，2009年我国太阳能电池产量为多少？,"根据江苏爱康太阳能科技股份有限公司招股意向书，2009年我国太阳能电池产量为3,500MW。"
967,与江苏旷达汽车织物集团股份有限公司在行业内形成竞争的汽车内饰面料生产企业的合资企业和内资企业有哪些？,与江苏旷达汽车织物集团股份有限公司在行业内形成竞争的汽车内饰面料生产企业的合资企业主要有瑞安市李尔汽车面料有限公司和上海申达川岛织物有限公司，内资企业主要有武汉博奇汽车装饰布有限公司、上海新纺联汽车内饰有限公司和宏达高科控股股份有限公司。
969,2017年，汉嘉设计集团股份有限公司因计提应收账款坏账准备产生的资产减值损失是多少？,"2017年，汉嘉设计集团股份有限公司因计提应收账款坏账准备产生的资产减值损失为1,340.78万元。"
971,2008年度、2009年度深圳市铁汉生态环境股份有限公司生态修复工程收入的增长率分别为多少？,2008年度、2009年度深圳市铁汉生态环境股份有限公司生态修复工程收入的增长率分别为23.04%、51.65%。
972,在本招股意向书的报告期内，常熟风范电力设备股份有限公司的综合毛利率分别为多少？呈现怎样的趋势？,在本招股意向书的报告期内，常熟风范电力设备股份有限公司的综合毛利率分别为26.29%、27.76%、28.56%、28.71%，呈现上升的趋势。
973,请问2019年四季度有多少家基金是净申购?它们的净申购份额加起来是多少?请四舍五入保留小数点两位。,无法回答
974,东莞勤上光电股份有限公司应收账款净额在2008年末、2009年末、2010年末和2011年6月30日分别为多少？占资产总额的比重分别为多少？,"东莞勤上光电股份有限公司应收账款净额在2008年末、2009年末、2010年末和2011年6月30日分别为13,351万元、18,920万元、20,323万元和18,082万元，占资产总额的比重分别为18%、24%、17%和14%。"
978,2019年年度报告里，格林基金管理有限公司管理的基金中，机构投资者持有份额比个人投资者多的基金有多少只?,根据给定材料，我无法找到答案。
980,杭州中恒电气股份有限公司面临哪些人力资源方面的风险？,根据上述材料，杭州中恒电气股份有限公司面临的人力资源方面的风险包括：一是核心技术人员和营销骨干流失的风险，二是公司虽然采取了多种激励手段，保持了核心团队的长期稳定，但仍然存在核心技术人员流失的风险；三是公司募集资金项目的实施需要更多技术和营销人员，如果公司无法及时培养并补充优秀人才，将面临人力资源优势难以得到持续保证的风险。
981,根据联化科技股份有限公司招股意见书，精细化工产品与基础化工产品相比有哪些特性？,精细化工行业具有产品多样化、更新速度快，同时对工艺清洁化、节能化要求比较高的行业特性，这决定了进入本行业的主要障碍是技术壁垒、客户壁垒、规模壁垒和绿色壁垒。
986,浙江开尔新材料股份有限公司的主要原材料有哪些？,浙江开尔新材料股份有限公司的主要原材料包括釉料、熔块、色料等。
987,广州中海达卫星导航技术股份有限公司对海外代理商的选择标准是怎样的？,"根据给定材料，广州中海达卫星导航技术股份有限公司对海外代理商的选择标准是：
A、拥有高精度GNSS行业或应用领域经营或从业经验；
B、拥有行业分销渠道；
C、有售后服务能力；
D、具有较高的信用信誉和财务保障能力；
E、拥有一定的社会背景资源。"
988,深圳市超频三科技股份有限公司目前主要产品是什么？什么是公司未来业务增长的重点产品？,深圳市超频三科技股份有限公司目前主要产品是电子产品新型散热器件的研发、生产和销售。根据公司描述，公司未来业务增长的重点产品为LED照明散热组件和PC散热配件。
992,报告期内，上海真兰仪表科技股份有限公司实际持有的哪些公司由自然人代为持股？何时该部分股份代持予以解除？,"需要提取的信息包括：公司实际持有的由自然人代为持股的公司名称、代持时间以及解除时间。根据提供的材料，在2020年之前，公司存在以下由自然人代为持股的情况：

  * 罗德精密：2018年1月30日设立时工商登记发起人为唐建荣、汪顺来和叶小容。其中唐建荣认购4,850万股，占比97%，系代朵越实业持有。2020年该部分股份代持予以解除。
  * 鲲彤智能：2018年5月2日，精密模具与于秀焕签署《代持股协议书》，约定于秀焕代精密模具持有鲲彤智能100%的股权（认缴出资额3,000万元）。2020年6月2日，精密模具与于秀焕签署《终止协议书》解除代持，并于2020年8月14日完成工商变更手续。

因此，答案为：公司实际持有的由自然人代为持股的公司为罗德精密和鲲彤智能，代持时间分别为2018年和2018年5月2日，代持解除时间分别为2020年和2020年8月14日。"
996,2007年度，工业业务和贸易业务分别占联化科技股份有限公司毛利比重为多少？,2007年度，工业业务占联化科技股份有限公司毛利比重为94.42%，贸易业务占联化科技股份有限公司毛利比重为5.58%。
997,东莞勤上光电股份有限公司实际控制人是谁？持有多少股份？,东莞勤上光电股份有限公司实际控制人为李旭亮夫妇，他们持有股份并未在材料中直接给出。
999,截至2009年12月31日，兰州海默科技股份有限公司的正式在册员工人数是多少？,根据给定材料，截至2009年12月31日，兰州海默科技股份有限公司的正式在册员工人数是240人。
